alpha_band,alpha_gt,base_clip_id,beta_gt,beta_sign,camera_a,camera_b,camera_pair_category,common_overlap_frames,fps,low_motion,offset_band,original_end_frame,original_start_frame,person_id,protocol,sample_id,seed,source_sequence_id,split,valid_warped_start,valid_warped_stop_exclusive,velocity_bucket,velocity_cm_s
one_control,1.0,04ea839f06a55405c31c,-7.5,negative,00_04,00_18,small,64,29.97,False,near_boundary,71,0,0,offset,eb2126ad126596fd564d2ecf,2908,171204_pose1_sample,train,8,72,Q3,7.376991
one_control,1.0,04ea839f06a55405c31c,-3.0,negative,00_04,00_18,small,69,29.97,False,small_medium,71,0,0,offset,90becee7eb935402112b7d29,2908,171204_pose1_sample,train,3,72,Q3,7.376991
one_control,1.0,04ea839f06a55405c31c,-0.5,negative,00_04,00_18,small,71,29.97,False,near_zero,71,0,0,offset,27206ad23bf6ec24e2c60d9e,2908,171204_pose1_sample,train,1,72,Q3,7.376991
one_control,1.0,04ea839f06a55405c31c,0.0,zero,00_04,00_18,small,72,29.97,False,zero,71,0,0,offset,93dab9b75c4995385409f91b,2908,171204_pose1_sample,train,0,72,Q3,7.376991
one_control,1.0,04ea839f06a55405c31c,0.25,positive,00_04,00_18,small,71,29.97,False,near_zero,71,0,0,offset,d6725c2dd57537ef1565e973,2908,171204_pose1_sample,train,0,71,Q3,7.376991
one_control,1.0,04ea839f06a55405c31c,2.0,positive,00_04,00_18,small,70,29.97,False,small_medium,71,0,0,offset,7ba993158b46fb1e2bb228c7,2908,171204_pose1_sample,train,0,70,Q3,7.376991
one_control,1.0,04ea839f06a55405c31c,7.5,positive,00_04,00_18,small,64,29.97,False,near_boundary,71,0,0,offset,3d890f0d00326b880ce82f9e,2908,171204_pose1_sample,train,0,64,Q3,7.376991
below_one,0.96,04ea839f06a55405c31c,-2.0,negative,00_04,00_18,small,69,29.97,False,small_medium,71,0,0,affine,4ca9c1cb3c87246d9b881848,2908,171204_pose1_sample,train,3,72,Q3,7.376991
below_one,0.96,04ea839f06a55405c31c,0.0,zero,00_04,00_18,small,72,29.97,False,zero,71,0,0,affine,de6c683a3cbca8710eb89442,2908,171204_pose1_sample,train,0,72,Q3,7.376991
below_one,0.96,04ea839f06a55405c31c,2.0,positive,00_04,00_18,small,72,29.97,False,small_medium,71,0,0,affine,c4b09f4f40a3f16edb66ad24,2908,171204_pose1_sample,train,0,72,Q3,7.376991
one_control,1.0,04ea839f06a55405c31c,-2.0,negative,00_04,00_18,small,70,29.97,False,small_medium,71,0,0,affine,21630a64c094c4d3f075f4c8,2908,171204_pose1_sample,train,2,72,Q3,7.376991
one_control,1.0,04ea839f06a55405c31c,0.0,zero,00_04,00_18,small,72,29.97,False,zero,71,0,0,affine,6a145964369b2add34cebbb6,2908,171204_pose1_sample,train,0,72,Q3,7.376991
one_control,1.0,04ea839f06a55405c31c,2.0,positive,00_04,00_18,small,70,29.97,False,small_medium,71,0,0,affine,0981dd210f972312e15bc3cd,2908,171204_pose1_sample,train,0,70,Q3,7.376991
above_one,1.04,04ea839f06a55405c31c,-2.0,negative,00_04,00_18,small,69,29.97,False,small_medium,71,0,0,affine,5a4d3bde0473cf7f297b9bc6,2908,171204_pose1_sample,train,2,71,Q3,7.376991
above_one,1.04,04ea839f06a55405c31c,0.0,zero,00_04,00_18,small,69,29.97,False,zero,71,0,0,affine,9b5f124541189dc34cf0f186,2908,171204_pose1_sample,train,0,69,Q3,7.376991
above_one,1.04,04ea839f06a55405c31c,2.0,positive,00_04,00_18,small,67,29.97,False,small_medium,71,0,0,affine,23b47991af51529f79ccf7a7,2908,171204_pose1_sample,train,0,67,Q3,7.376991
one_control,1.0,04ea839f06a55405c31c,-7.5,negative,00_08,00_13,medium,64,29.97,False,near_boundary,71,0,0,offset,896b73cc4bbfd071ae690e19,2908,171204_pose1_sample,train,8,72,Q3,7.376991
one_control,1.0,04ea839f06a55405c31c,-3.0,negative,00_08,00_13,medium,69,29.97,False,small_medium,71,0,0,offset,f59fb970ca7d3a6b9e1eb50e,2908,171204_pose1_sample,train,3,72,Q3,7.376991
one_control,1.0,04ea839f06a55405c31c,-0.5,negative,00_08,00_13,medium,71,29.97,False,near_zero,71,0,0,offset,5163ff71adbe38a7eeb2f96d,2908,171204_pose1_sample,train,1,72,Q3,7.376991
one_control,1.0,04ea839f06a55405c31c,0.0,zero,00_08,00_13,medium,72,29.97,False,zero,71,0,0,offset,ca476361bb35ee4aae5a0051,2908,171204_pose1_sample,train,0,72,Q3,7.376991
one_control,1.0,04ea839f06a55405c31c,0.25,positive,00_08,00_13,medium,71,29.97,False,near_zero,71,0,0,offset,6f547b4984debafbd18466b0,2908,171204_pose1_sample,train,0,71,Q3,7.376991
one_control,1.0,04ea839f06a55405c31c,2.0,positive,00_08,00_13,medium,70,29.97,False,small_medium,71,0,0,offset,1aa4b22d2339bd4bc493dcd1,2908,171204_pose1_sample,train,0,70,Q3,7.376991
one_control,1.0,04ea839f06a55405c31c,7.5,positive,00_08,00_13,medium,64,29.97,False,near_boundary,71,0,0,offset,c68a4c3e5dc8317c24942438,2908,171204_pose1_sample,train,0,64,Q3,7.376991
below_one,0.96,04ea839f06a55405c31c,-2.0,negative,00_08,00_13,medium,69,29.97,False,small_medium,71,0,0,affine,76e7971fd63f1152322b221d,2908,171204_pose1_sample,train,3,72,Q3,7.376991
below_one,0.96,04ea839f06a55405c31c,0.0,zero,00_08,00_13,medium,72,29.97,False,zero,71,0,0,affine,f8a795ec0f545b62015ec121,2908,171204_pose1_sample,train,0,72,Q3,7.376991
below_one,0.96,04ea839f06a55405c31c,2.0,positive,00_08,00_13,medium,72,29.97,False,small_medium,71,0,0,affine,a2755ea7a47614316bdbbe00,2908,171204_pose1_sample,train,0,72,Q3,7.376991
one_control,1.0,04ea839f06a55405c31c,-2.0,negative,00_08,00_13,medium,70,29.97,False,small_medium,71,0,0,affine,7f3ec6bf85a9a2d50a00d2a5,2908,171204_pose1_sample,train,2,72,Q3,7.376991
one_control,1.0,04ea839f06a55405c31c,0.0,zero,00_08,00_13,medium,72,29.97,False,zero,71,0,0,affine,04eb7c69e998d0e5a41681be,2908,171204_pose1_sample,train,0,72,Q3,7.376991
one_control,1.0,04ea839f06a55405c31c,2.0,positive,00_08,00_13,medium,70,29.97,False,small_medium,71,0,0,affine,948bb916f915029ce4cf1b40,2908,171204_pose1_sample,train,0,70,Q3,7.376991
above_one,1.04,04ea839f06a55405c31c,-2.0,negative,00_08,00_13,medium,69,29.97,False,small_medium,71,0,0,affine,e9ce0cf68749372bd785c8cd,2908,171204_pose1_sample,train,2,71,Q3,7.376991
above_one,1.04,04ea839f06a55405c31c,0.0,zero,00_08,00_13,medium,69,29.97,False,zero,71,0,0,affine,ec8aa9e7bfd9a0ef88bf3d1e,2908,171204_pose1_sample,train,0,69,Q3,7.376991
above_one,1.04,04ea839f06a55405c31c,2.0,positive,00_08,00_13,medium,67,29.97,False,small_medium,71,0,0,affine,044934935e4b35c11f41129e,2908,171204_pose1_sample,train,0,67,Q3,7.376991
one_control,1.0,04ea839f06a55405c31c,-7.5,negative,00_00,00_03,wide,64,29.97,False,near_boundary,71,0,0,offset,ae99f2724679a08d32ddd414,2908,171204_pose1_sample,train,8,72,Q3,7.376991
one_control,1.0,04ea839f06a55405c31c,-3.0,negative,00_00,00_03,wide,69,29.97,False,small_medium,71,0,0,offset,79b559918b6a54325310610d,2908,171204_pose1_sample,train,3,72,Q3,7.376991
one_control,1.0,04ea839f06a55405c31c,-0.5,negative,00_00,00_03,wide,71,29.97,False,near_zero,71,0,0,offset,99bd7662d796564abe9d80ad,2908,171204_pose1_sample,train,1,72,Q3,7.376991
one_control,1.0,04ea839f06a55405c31c,0.0,zero,00_00,00_03,wide,72,29.97,False,zero,71,0,0,offset,5189a657b716c8ce65fcd6dc,2908,171204_pose1_sample,train,0,72,Q3,7.376991
one_control,1.0,04ea839f06a55405c31c,0.25,positive,00_00,00_03,wide,71,29.97,False,near_zero,71,0,0,offset,0b2fa313cfe511ce16009dec,2908,171204_pose1_sample,train,0,71,Q3,7.376991
one_control,1.0,04ea839f06a55405c31c,2.0,positive,00_00,00_03,wide,70,29.97,False,small_medium,71,0,0,offset,8e784a37b6915bb6f852d9d9,2908,171204_pose1_sample,train,0,70,Q3,7.376991
one_control,1.0,04ea839f06a55405c31c,7.5,positive,00_00,00_03,wide,64,29.97,False,near_boundary,71,0,0,offset,62d123fa03db35012d10c3ea,2908,171204_pose1_sample,train,0,64,Q3,7.376991
below_one,0.96,04ea839f06a55405c31c,-2.0,negative,00_00,00_03,wide,69,29.97,False,small_medium,71,0,0,affine,dab8f2e12af1097e8444cca4,2908,171204_pose1_sample,train,3,72,Q3,7.376991
below_one,0.96,04ea839f06a55405c31c,0.0,zero,00_00,00_03,wide,72,29.97,False,zero,71,0,0,affine,7fbee27488623aec15c0b67e,2908,171204_pose1_sample,train,0,72,Q3,7.376991
below_one,0.96,04ea839f06a55405c31c,2.0,positive,00_00,00_03,wide,72,29.97,False,small_medium,71,0,0,affine,e3b9a00c9697f61f9a900d9d,2908,171204_pose1_sample,train,0,72,Q3,7.376991
one_control,1.0,04ea839f06a55405c31c,-2.0,negative,00_00,00_03,wide,70,29.97,False,small_medium,71,0,0,affine,cc99b303ba3ace1192e55c3b,2908,171204_pose1_sample,train,2,72,Q3,7.376991
one_control,1.0,04ea839f06a55405c31c,0.0,zero,00_00,00_03,wide,72,29.97,False,zero,71,0,0,affine,6df23057dd4c59d9717f050b,2908,171204_pose1_sample,train,0,72,Q3,7.376991
one_control,1.0,04ea839f06a55405c31c,2.0,positive,00_00,00_03,wide,70,29.97,False,small_medium,71,0,0,affine,04418cf06d7edcf5129340bc,2908,171204_pose1_sample,train,0,70,Q3,7.376991
above_one,1.04,04ea839f06a55405c31c,-2.0,negative,00_00,00_03,wide,69,29.97,False,small_medium,71,0,0,affine,1cc5d68899528c7abde13608,2908,171204_pose1_sample,train,2,71,Q3,7.376991
above_one,1.04,04ea839f06a55405c31c,0.0,zero,00_00,00_03,wide,69,29.97,False,zero,71,0,0,affine,6ae4c32328e6f18589674723,2908,171204_pose1_sample,train,0,69,Q3,7.376991
above_one,1.04,04ea839f06a55405c31c,2.0,positive,00_00,00_03,wide,67,29.97,False,small_medium,71,0,0,affine,fe56853d24888680b7516751,2908,171204_pose1_sample,train,0,67,Q3,7.376991
one_control,1.0,0c4162f85711d71fbc6b,-7.5,negative,00_04,00_18,small,64,29.97,False,near_boundary,972,901,1,offset,d9ece6295a2b19e4edecc062,2908,160422_haggling1,test,8,72,Q1,1.571
one_control,1.0,0c4162f85711d71fbc6b,-3.0,negative,00_04,00_18,small,69,29.97,False,small_medium,972,901,1,offset,e232b602d168b11244c3c041,2908,160422_haggling1,test,3,72,Q1,1.571
one_control,1.0,0c4162f85711d71fbc6b,-0.5,negative,00_04,00_18,small,71,29.97,False,near_zero,972,901,1,offset,4ec2eb8a29e63323384562ea,2908,160422_haggling1,test,1,72,Q1,1.571
one_control,1.0,0c4162f85711d71fbc6b,0.0,zero,00_04,00_18,small,72,29.97,False,zero,972,901,1,offset,43d001e131122708e930da53,2908,160422_haggling1,test,0,72,Q1,1.571
one_control,1.0,0c4162f85711d71fbc6b,0.25,positive,00_04,00_18,small,71,29.97,False,near_zero,972,901,1,offset,61e76f8154c3c5ff18385e3c,2908,160422_haggling1,test,0,71,Q1,1.571
one_control,1.0,0c4162f85711d71fbc6b,2.0,positive,00_04,00_18,small,70,29.97,False,small_medium,972,901,1,offset,097b1b9b7063d078d40f5a81,2908,160422_haggling1,test,0,70,Q1,1.571
one_control,1.0,0c4162f85711d71fbc6b,7.5,positive,00_04,00_18,small,64,29.97,False,near_boundary,972,901,1,offset,d10ef422c388cf454d77a603,2908,160422_haggling1,test,0,64,Q1,1.571
below_one,0.96,0c4162f85711d71fbc6b,-2.0,negative,00_04,00_18,small,69,29.97,False,small_medium,972,901,1,affine,236f68f0d612ecb1345a34c2,2908,160422_haggling1,test,3,72,Q1,1.571
below_one,0.96,0c4162f85711d71fbc6b,0.0,zero,00_04,00_18,small,72,29.97,False,zero,972,901,1,affine,3b9de0cd6f671a4d3fcebe8c,2908,160422_haggling1,test,0,72,Q1,1.571
below_one,0.96,0c4162f85711d71fbc6b,2.0,positive,00_04,00_18,small,72,29.97,False,small_medium,972,901,1,affine,bf33c095afade911cb6c3467,2908,160422_haggling1,test,0,72,Q1,1.571
one_control,1.0,0c4162f85711d71fbc6b,-2.0,negative,00_04,00_18,small,70,29.97,False,small_medium,972,901,1,affine,df4e4e31e110436cbc436fac,2908,160422_haggling1,test,2,72,Q1,1.571
one_control,1.0,0c4162f85711d71fbc6b,0.0,zero,00_04,00_18,small,72,29.97,False,zero,972,901,1,affine,22c403287e30d672db4f330b,2908,160422_haggling1,test,0,72,Q1,1.571
one_control,1.0,0c4162f85711d71fbc6b,2.0,positive,00_04,00_18,small,70,29.97,False,small_medium,972,901,1,affine,cfdc19c648f116188b984846,2908,160422_haggling1,test,0,70,Q1,1.571
above_one,1.04,0c4162f85711d71fbc6b,-2.0,negative,00_04,00_18,small,69,29.97,False,small_medium,972,901,1,affine,68a9ab2a8a6f264d675f3461,2908,160422_haggling1,test,2,71,Q1,1.571
above_one,1.04,0c4162f85711d71fbc6b,0.0,zero,00_04,00_18,small,69,29.97,False,zero,972,901,1,affine,a375ac4a81b9c07a03f2b80b,2908,160422_haggling1,test,0,69,Q1,1.571
above_one,1.04,0c4162f85711d71fbc6b,2.0,positive,00_04,00_18,small,67,29.97,False,small_medium,972,901,1,affine,e34277fa625b7933fbc99bbe,2908,160422_haggling1,test,0,67,Q1,1.571
one_control,1.0,0c4162f85711d71fbc6b,-7.5,negative,00_08,00_13,medium,64,29.97,False,near_boundary,972,901,1,offset,4c1d27e98621b1e8d4c6fb33,2908,160422_haggling1,test,8,72,Q1,1.571
one_control,1.0,0c4162f85711d71fbc6b,-3.0,negative,00_08,00_13,medium,69,29.97,False,small_medium,972,901,1,offset,c69a280c3242877f1a50c35d,2908,160422_haggling1,test,3,72,Q1,1.571
one_control,1.0,0c4162f85711d71fbc6b,-0.5,negative,00_08,00_13,medium,71,29.97,False,near_zero,972,901,1,offset,a18f67489d082a1632884b2b,2908,160422_haggling1,test,1,72,Q1,1.571
one_control,1.0,0c4162f85711d71fbc6b,0.0,zero,00_08,00_13,medium,72,29.97,False,zero,972,901,1,offset,da6a360c86706468d9e26db2,2908,160422_haggling1,test,0,72,Q1,1.571
one_control,1.0,0c4162f85711d71fbc6b,0.25,positive,00_08,00_13,medium,71,29.97,False,near_zero,972,901,1,offset,01a1b597aa7a53f31ed4b05b,2908,160422_haggling1,test,0,71,Q1,1.571
one_control,1.0,0c4162f85711d71fbc6b,2.0,positive,00_08,00_13,medium,70,29.97,False,small_medium,972,901,1,offset,e767c606519eb74ff5623f91,2908,160422_haggling1,test,0,70,Q1,1.571
one_control,1.0,0c4162f85711d71fbc6b,7.5,positive,00_08,00_13,medium,64,29.97,False,near_boundary,972,901,1,offset,ff7a851289f1af3ecd08171d,2908,160422_haggling1,test,0,64,Q1,1.571
below_one,0.96,0c4162f85711d71fbc6b,-2.0,negative,00_08,00_13,medium,69,29.97,False,small_medium,972,901,1,affine,efea405883e145696bf324f7,2908,160422_haggling1,test,3,72,Q1,1.571
below_one,0.96,0c4162f85711d71fbc6b,0.0,zero,00_08,00_13,medium,72,29.97,False,zero,972,901,1,affine,a1f99cc1d49acb419e505220,2908,160422_haggling1,test,0,72,Q1,1.571
below_one,0.96,0c4162f85711d71fbc6b,2.0,positive,00_08,00_13,medium,72,29.97,False,small_medium,972,901,1,affine,2658d4752b57df17a2fa0e1d,2908,160422_haggling1,test,0,72,Q1,1.571
one_control,1.0,0c4162f85711d71fbc6b,-2.0,negative,00_08,00_13,medium,70,29.97,False,small_medium,972,901,1,affine,633dba1aa810d20eae1e1dcb,2908,160422_haggling1,test,2,72,Q1,1.571
one_control,1.0,0c4162f85711d71fbc6b,0.0,zero,00_08,00_13,medium,72,29.97,False,zero,972,901,1,affine,1509c10f8b40ced1ce663aef,2908,160422_haggling1,test,0,72,Q1,1.571
one_control,1.0,0c4162f85711d71fbc6b,2.0,positive,00_08,00_13,medium,70,29.97,False,small_medium,972,901,1,affine,3286c2ba46a8911bd8d98f65,2908,160422_haggling1,test,0,70,Q1,1.571
above_one,1.04,0c4162f85711d71fbc6b,-2.0,negative,00_08,00_13,medium,69,29.97,False,small_medium,972,901,1,affine,fe13159cacc0b8c35681fba0,2908,160422_haggling1,test,2,71,Q1,1.571
above_one,1.04,0c4162f85711d71fbc6b,0.0,zero,00_08,00_13,medium,69,29.97,False,zero,972,901,1,affine,02d35b50ff9fde09c73ada03,2908,160422_haggling1,test,0,69,Q1,1.571
above_one,1.04,0c4162f85711d71fbc6b,2.0,positive,00_08,00_13,medium,67,29.97,False,small_medium,972,901,1,affine,4437a06e6d76ce7a61c32088,2908,160422_haggling1,test,0,67,Q1,1.571
one_control,1.0,0c4162f85711d71fbc6b,-7.5,negative,00_00,00_03,wide,64,29.97,False,near_boundary,972,901,1,offset,3ca85543f4ad7491a032cca1,2908,160422_haggling1,test,8,72,Q1,1.571
one_control,1.0,0c4162f85711d71fbc6b,-3.0,negative,00_00,00_03,wide,69,29.97,False,small_medium,972,901,1,offset,92999313810ac2da63d3bc8f,2908,160422_haggling1,test,3,72,Q1,1.571
one_control,1.0,0c4162f85711d71fbc6b,-0.5,negative,00_00,00_03,wide,71,29.97,False,near_zero,972,901,1,offset,1bb8bdbb2cd8637a07b62944,2908,160422_haggling1,test,1,72,Q1,1.571
one_control,1.0,0c4162f85711d71fbc6b,0.0,zero,00_00,00_03,wide,72,29.97,False,zero,972,901,1,offset,aa1723453fd392918efc4f9b,2908,160422_haggling1,test,0,72,Q1,1.571
one_control,1.0,0c4162f85711d71fbc6b,0.25,positive,00_00,00_03,wide,71,29.97,False,near_zero,972,901,1,offset,4dc8f81ad77dbc9b9315e494,2908,160422_haggling1,test,0,71,Q1,1.571
one_control,1.0,0c4162f85711d71fbc6b,2.0,positive,00_00,00_03,wide,70,29.97,False,small_medium,972,901,1,offset,bb398ea8677e71ab4153fbcb,2908,160422_haggling1,test,0,70,Q1,1.571
one_control,1.0,0c4162f85711d71fbc6b,7.5,positive,00_00,00_03,wide,64,29.97,False,near_boundary,972,901,1,offset,a73bcc1448ecc130a5920b50,2908,160422_haggling1,test,0,64,Q1,1.571
below_one,0.96,0c4162f85711d71fbc6b,-2.0,negative,00_00,00_03,wide,69,29.97,False,small_medium,972,901,1,affine,2697f5061aacef0d59a03244,2908,160422_haggling1,test,3,72,Q1,1.571
below_one,0.96,0c4162f85711d71fbc6b,0.0,zero,00_00,00_03,wide,72,29.97,False,zero,972,901,1,affine,eb6f509cc728d177d3d07c6d,2908,160422_haggling1,test,0,72,Q1,1.571
below_one,0.96,0c4162f85711d71fbc6b,2.0,positive,00_00,00_03,wide,72,29.97,False,small_medium,972,901,1,affine,76c6701f75488c72d323f903,2908,160422_haggling1,test,0,72,Q1,1.571
one_control,1.0,0c4162f85711d71fbc6b,-2.0,negative,00_00,00_03,wide,70,29.97,False,small_medium,972,901,1,affine,3a7b25f372436e691f502135,2908,160422_haggling1,test,2,72,Q1,1.571
one_control,1.0,0c4162f85711d71fbc6b,0.0,zero,00_00,00_03,wide,72,29.97,False,zero,972,901,1,affine,787146b44ebee9afec15b91f,2908,160422_haggling1,test,0,72,Q1,1.571
one_control,1.0,0c4162f85711d71fbc6b,2.0,positive,00_00,00_03,wide,70,29.97,False,small_medium,972,901,1,affine,c240d5626edabc7274c0b2c1,2908,160422_haggling1,test,0,70,Q1,1.571
above_one,1.04,0c4162f85711d71fbc6b,-2.0,negative,00_00,00_03,wide,69,29.97,False,small_medium,972,901,1,affine,c61fef99dc884cd51e993e70,2908,160422_haggling1,test,2,71,Q1,1.571
above_one,1.04,0c4162f85711d71fbc6b,0.0,zero,00_00,00_03,wide,69,29.97,False,zero,972,901,1,affine,6ec4cf3a3ff1227ebc1998c5,2908,160422_haggling1,test,0,69,Q1,1.571
above_one,1.04,0c4162f85711d71fbc6b,2.0,positive,00_00,00_03,wide,67,29.97,False,small_medium,972,901,1,affine,d2126adda057ca94ff4bc4e0,2908,160422_haggling1,test,0,67,Q1,1.571
one_control,1.0,0ca717cccc9e46cc1ceb,-7.5,negative,00_01,00_19,small,64,29.97,False,near_boundary,6537,6466,10,offset,8054afd7b4ca9a960ecfaae2,2908,160226_haggling1,test,8,72,Q3,7.91448
one_control,1.0,0ca717cccc9e46cc1ceb,-3.0,negative,00_01,00_19,small,69,29.97,False,small_medium,6537,6466,10,offset,1ce0f38a5bc1da6555bd004f,2908,160226_haggling1,test,3,72,Q3,7.91448
one_control,1.0,0ca717cccc9e46cc1ceb,-0.5,negative,00_01,00_19,small,71,29.97,False,near_zero,6537,6466,10,offset,c16a6322f4fdffe8eb59e9c6,2908,160226_haggling1,test,1,72,Q3,7.91448
one_control,1.0,0ca717cccc9e46cc1ceb,0.0,zero,00_01,00_19,small,72,29.97,False,zero,6537,6466,10,offset,8c50a1241516a1932165994c,2908,160226_haggling1,test,0,72,Q3,7.91448
one_control,1.0,0ca717cccc9e46cc1ceb,0.25,positive,00_01,00_19,small,71,29.97,False,near_zero,6537,6466,10,offset,fea06fcc494549cea983860f,2908,160226_haggling1,test,0,71,Q3,7.91448
one_control,1.0,0ca717cccc9e46cc1ceb,2.0,positive,00_01,00_19,small,70,29.97,False,small_medium,6537,6466,10,offset,298da07be81b617f134b5304,2908,160226_haggling1,test,0,70,Q3,7.91448
one_control,1.0,0ca717cccc9e46cc1ceb,7.5,positive,00_01,00_19,small,64,29.97,False,near_boundary,6537,6466,10,offset,bfab516be8fc300a85bfc38f,2908,160226_haggling1,test,0,64,Q3,7.91448
below_one,0.96,0ca717cccc9e46cc1ceb,-2.0,negative,00_01,00_19,small,69,29.97,False,small_medium,6537,6466,10,affine,31895c02e303288deb1e1b7c,2908,160226_haggling1,test,3,72,Q3,7.91448
below_one,0.96,0ca717cccc9e46cc1ceb,0.0,zero,00_01,00_19,small,72,29.97,False,zero,6537,6466,10,affine,e15dee6e9238a675db54aa22,2908,160226_haggling1,test,0,72,Q3,7.91448
below_one,0.96,0ca717cccc9e46cc1ceb,2.0,positive,00_01,00_19,small,72,29.97,False,small_medium,6537,6466,10,affine,a09bf4c512baac7e1f9da097,2908,160226_haggling1,test,0,72,Q3,7.91448
one_control,1.0,0ca717cccc9e46cc1ceb,-2.0,negative,00_01,00_19,small,70,29.97,False,small_medium,6537,6466,10,affine,e53da9728aa0a9dda7cd72bd,2908,160226_haggling1,test,2,72,Q3,7.91448
one_control,1.0,0ca717cccc9e46cc1ceb,0.0,zero,00_01,00_19,small,72,29.97,False,zero,6537,6466,10,affine,c56fa1ebce8a917dcb205be1,2908,160226_haggling1,test,0,72,Q3,7.91448
one_control,1.0,0ca717cccc9e46cc1ceb,2.0,positive,00_01,00_19,small,70,29.97,False,small_medium,6537,6466,10,affine,46dc95bd75c1cc48a6fb45b7,2908,160226_haggling1,test,0,70,Q3,7.91448
above_one,1.04,0ca717cccc9e46cc1ceb,-2.0,negative,00_01,00_19,small,69,29.97,False,small_medium,6537,6466,10,affine,08d89df0ac5765b948a4caa5,2908,160226_haggling1,test,2,71,Q3,7.91448
above_one,1.04,0ca717cccc9e46cc1ceb,0.0,zero,00_01,00_19,small,69,29.97,False,zero,6537,6466,10,affine,a94bae617767954fa4e40ad9,2908,160226_haggling1,test,0,69,Q3,7.91448
above_one,1.04,0ca717cccc9e46cc1ceb,2.0,positive,00_01,00_19,small,67,29.97,False,small_medium,6537,6466,10,affine,7e73c312b9df8ffe2e58a074,2908,160226_haggling1,test,0,67,Q3,7.91448
one_control,1.0,0ca717cccc9e46cc1ceb,-7.5,negative,00_04,00_13,medium,64,29.97,False,near_boundary,6537,6466,10,offset,2749cc2172181ed62eb777df,2908,160226_haggling1,test,8,72,Q3,7.91448
one_control,1.0,0ca717cccc9e46cc1ceb,-3.0,negative,00_04,00_13,medium,69,29.97,False,small_medium,6537,6466,10,offset,684edd934c7504448faf5545,2908,160226_haggling1,test,3,72,Q3,7.91448
one_control,1.0,0ca717cccc9e46cc1ceb,-0.5,negative,00_04,00_13,medium,71,29.97,False,near_zero,6537,6466,10,offset,2d65496c0f8498ede103e3bf,2908,160226_haggling1,test,1,72,Q3,7.91448
one_control,1.0,0ca717cccc9e46cc1ceb,0.0,zero,00_04,00_13,medium,72,29.97,False,zero,6537,6466,10,offset,0d4df1d23b5d4227a48c3369,2908,160226_haggling1,test,0,72,Q3,7.91448
one_control,1.0,0ca717cccc9e46cc1ceb,0.25,positive,00_04,00_13,medium,71,29.97,False,near_zero,6537,6466,10,offset,02069ff8cf5441bd4c44b5a8,2908,160226_haggling1,test,0,71,Q3,7.91448
one_control,1.0,0ca717cccc9e46cc1ceb,2.0,positive,00_04,00_13,medium,70,29.97,False,small_medium,6537,6466,10,offset,78d4d6679a92e583a04f319f,2908,160226_haggling1,test,0,70,Q3,7.91448
one_control,1.0,0ca717cccc9e46cc1ceb,7.5,positive,00_04,00_13,medium,64,29.97,False,near_boundary,6537,6466,10,offset,688095efed242ed69452901a,2908,160226_haggling1,test,0,64,Q3,7.91448
below_one,0.96,0ca717cccc9e46cc1ceb,-2.0,negative,00_04,00_13,medium,69,29.97,False,small_medium,6537,6466,10,affine,4f03701407054eef43d6f2f5,2908,160226_haggling1,test,3,72,Q3,7.91448
below_one,0.96,0ca717cccc9e46cc1ceb,0.0,zero,00_04,00_13,medium,72,29.97,False,zero,6537,6466,10,affine,2398ecbc0d6210b3bf7a8dee,2908,160226_haggling1,test,0,72,Q3,7.91448
below_one,0.96,0ca717cccc9e46cc1ceb,2.0,positive,00_04,00_13,medium,72,29.97,False,small_medium,6537,6466,10,affine,8efd46de675acffd8677aff3,2908,160226_haggling1,test,0,72,Q3,7.91448
one_control,1.0,0ca717cccc9e46cc1ceb,-2.0,negative,00_04,00_13,medium,70,29.97,False,small_medium,6537,6466,10,affine,7ef8978ed3416c06ca66ae1f,2908,160226_haggling1,test,2,72,Q3,7.91448
one_control,1.0,0ca717cccc9e46cc1ceb,0.0,zero,00_04,00_13,medium,72,29.97,False,zero,6537,6466,10,affine,ddc9cbd8163566ad6f154867,2908,160226_haggling1,test,0,72,Q3,7.91448
one_control,1.0,0ca717cccc9e46cc1ceb,2.0,positive,00_04,00_13,medium,70,29.97,False,small_medium,6537,6466,10,affine,7760fbfd8c6c6f07038f9293,2908,160226_haggling1,test,0,70,Q3,7.91448
above_one,1.04,0ca717cccc9e46cc1ceb,-2.0,negative,00_04,00_13,medium,69,29.97,False,small_medium,6537,6466,10,affine,dd91b913670d0da9710f39f9,2908,160226_haggling1,test,2,71,Q3,7.91448
above_one,1.04,0ca717cccc9e46cc1ceb,0.0,zero,00_04,00_13,medium,69,29.97,False,zero,6537,6466,10,affine,2b562bbacaa8cd682367c2e4,2908,160226_haggling1,test,0,69,Q3,7.91448
above_one,1.04,0ca717cccc9e46cc1ceb,2.0,positive,00_04,00_13,medium,67,29.97,False,small_medium,6537,6466,10,affine,c1b243586ee9514c9cd934cd,2908,160226_haggling1,test,0,67,Q3,7.91448
one_control,1.0,0ca717cccc9e46cc1ceb,-7.5,negative,00_26,00_30,wide,64,29.97,False,near_boundary,6537,6466,10,offset,9f58e323c4203bf42d9f09b8,2908,160226_haggling1,test,8,72,Q3,7.91448
one_control,1.0,0ca717cccc9e46cc1ceb,-3.0,negative,00_26,00_30,wide,69,29.97,False,small_medium,6537,6466,10,offset,2c560e056abd4214716f9602,2908,160226_haggling1,test,3,72,Q3,7.91448
one_control,1.0,0ca717cccc9e46cc1ceb,-0.5,negative,00_26,00_30,wide,71,29.97,False,near_zero,6537,6466,10,offset,48edf30aa0bcee6fe469d16e,2908,160226_haggling1,test,1,72,Q3,7.91448
one_control,1.0,0ca717cccc9e46cc1ceb,0.0,zero,00_26,00_30,wide,72,29.97,False,zero,6537,6466,10,offset,ebbc666bce43901aa5bfc881,2908,160226_haggling1,test,0,72,Q3,7.91448
one_control,1.0,0ca717cccc9e46cc1ceb,0.25,positive,00_26,00_30,wide,71,29.97,False,near_zero,6537,6466,10,offset,0ef7b03dd95dc317cf8f969b,2908,160226_haggling1,test,0,71,Q3,7.91448
one_control,1.0,0ca717cccc9e46cc1ceb,2.0,positive,00_26,00_30,wide,70,29.97,False,small_medium,6537,6466,10,offset,379b0ead86ea550ced5e37e9,2908,160226_haggling1,test,0,70,Q3,7.91448
one_control,1.0,0ca717cccc9e46cc1ceb,7.5,positive,00_26,00_30,wide,64,29.97,False,near_boundary,6537,6466,10,offset,d065e105aaede1e5d4c19236,2908,160226_haggling1,test,0,64,Q3,7.91448
below_one,0.96,0ca717cccc9e46cc1ceb,-2.0,negative,00_26,00_30,wide,69,29.97,False,small_medium,6537,6466,10,affine,beac6eb2fa5184852fb9990e,2908,160226_haggling1,test,3,72,Q3,7.91448
below_one,0.96,0ca717cccc9e46cc1ceb,0.0,zero,00_26,00_30,wide,72,29.97,False,zero,6537,6466,10,affine,ffd863ab69c6a560835741b4,2908,160226_haggling1,test,0,72,Q3,7.91448
below_one,0.96,0ca717cccc9e46cc1ceb,2.0,positive,00_26,00_30,wide,72,29.97,False,small_medium,6537,6466,10,affine,fb03bbf515cd84468db94ab5,2908,160226_haggling1,test,0,72,Q3,7.91448
one_control,1.0,0ca717cccc9e46cc1ceb,-2.0,negative,00_26,00_30,wide,70,29.97,False,small_medium,6537,6466,10,affine,2cb20442da5e9e8fedb23936,2908,160226_haggling1,test,2,72,Q3,7.91448
one_control,1.0,0ca717cccc9e46cc1ceb,0.0,zero,00_26,00_30,wide,72,29.97,False,zero,6537,6466,10,affine,d247d883dc5c42545d5be0f8,2908,160226_haggling1,test,0,72,Q3,7.91448
one_control,1.0,0ca717cccc9e46cc1ceb,2.0,positive,00_26,00_30,wide,70,29.97,False,small_medium,6537,6466,10,affine,07624c96b27f8c2386c294b3,2908,160226_haggling1,test,0,70,Q3,7.91448
above_one,1.04,0ca717cccc9e46cc1ceb,-2.0,negative,00_26,00_30,wide,69,29.97,False,small_medium,6537,6466,10,affine,97d2fb7dc4d2b9fd6cfe138d,2908,160226_haggling1,test,2,71,Q3,7.91448
above_one,1.04,0ca717cccc9e46cc1ceb,0.0,zero,00_26,00_30,wide,69,29.97,False,zero,6537,6466,10,affine,e02e82bc345189228c5cf869,2908,160226_haggling1,test,0,69,Q3,7.91448
above_one,1.04,0ca717cccc9e46cc1ceb,2.0,positive,00_26,00_30,wide,67,29.97,False,small_medium,6537,6466,10,affine,c0a4542054be8bc78e951ade,2908,160226_haggling1,test,0,67,Q3,7.91448
one_control,1.0,16da401aad57d96d1dea,-7.5,negative,00_04,00_18,small,64,29.97,False,near_boundary,412,341,0,offset,2a2e746f22a763dfa28a6b2d,2908,160906_band4,train,8,72,Q2,5.24053
one_control,1.0,16da401aad57d96d1dea,-3.0,negative,00_04,00_18,small,69,29.97,False,small_medium,412,341,0,offset,a375e60ea097eee0e6d13dba,2908,160906_band4,train,3,72,Q2,5.24053
one_control,1.0,16da401aad57d96d1dea,-0.5,negative,00_04,00_18,small,71,29.97,False,near_zero,412,341,0,offset,9f315feb6b08b1151292969b,2908,160906_band4,train,1,72,Q2,5.24053
one_control,1.0,16da401aad57d96d1dea,0.0,zero,00_04,00_18,small,72,29.97,False,zero,412,341,0,offset,01db0ebc09e0a7eed6aadd92,2908,160906_band4,train,0,72,Q2,5.24053
one_control,1.0,16da401aad57d96d1dea,0.25,positive,00_04,00_18,small,71,29.97,False,near_zero,412,341,0,offset,456cda01b7d2e69dcfb7070a,2908,160906_band4,train,0,71,Q2,5.24053
one_control,1.0,16da401aad57d96d1dea,2.0,positive,00_04,00_18,small,70,29.97,False,small_medium,412,341,0,offset,c1a3c51aac81b1ecedde6ac7,2908,160906_band4,train,0,70,Q2,5.24053
one_control,1.0,16da401aad57d96d1dea,7.5,positive,00_04,00_18,small,64,29.97,False,near_boundary,412,341,0,offset,635ed08c2091be660f6cae61,2908,160906_band4,train,0,64,Q2,5.24053
below_one,0.96,16da401aad57d96d1dea,-2.0,negative,00_04,00_18,small,69,29.97,False,small_medium,412,341,0,affine,6080dcd7470770f0d3479343,2908,160906_band4,train,3,72,Q2,5.24053
below_one,0.96,16da401aad57d96d1dea,0.0,zero,00_04,00_18,small,72,29.97,False,zero,412,341,0,affine,f93d4fadeeb015cda153d030,2908,160906_band4,train,0,72,Q2,5.24053
below_one,0.96,16da401aad57d96d1dea,2.0,positive,00_04,00_18,small,72,29.97,False,small_medium,412,341,0,affine,fa6dc1fbb2cb0e86558bdf70,2908,160906_band4,train,0,72,Q2,5.24053
one_control,1.0,16da401aad57d96d1dea,-2.0,negative,00_04,00_18,small,70,29.97,False,small_medium,412,341,0,affine,60f3dcdc3f2fda125f46c6aa,2908,160906_band4,train,2,72,Q2,5.24053
one_control,1.0,16da401aad57d96d1dea,0.0,zero,00_04,00_18,small,72,29.97,False,zero,412,341,0,affine,218e5c7737a18c9f99d8087e,2908,160906_band4,train,0,72,Q2,5.24053
one_control,1.0,16da401aad57d96d1dea,2.0,positive,00_04,00_18,small,70,29.97,False,small_medium,412,341,0,affine,b24acdd898223d12a3cde349,2908,160906_band4,train,0,70,Q2,5.24053
above_one,1.04,16da401aad57d96d1dea,-2.0,negative,00_04,00_18,small,69,29.97,False,small_medium,412,341,0,affine,662d18ae32a4d196aa3be8f6,2908,160906_band4,train,2,71,Q2,5.24053
above_one,1.04,16da401aad57d96d1dea,0.0,zero,00_04,00_18,small,69,29.97,False,zero,412,341,0,affine,1f5c4fb9aa693f2eab898c0b,2908,160906_band4,train,0,69,Q2,5.24053
above_one,1.04,16da401aad57d96d1dea,2.0,positive,00_04,00_18,small,67,29.97,False,small_medium,412,341,0,affine,b1ea5128248f0016bf5ed4a1,2908,160906_band4,train,0,67,Q2,5.24053
one_control,1.0,16da401aad57d96d1dea,-7.5,negative,00_08,00_13,medium,64,29.97,False,near_boundary,412,341,0,offset,defe2d13b3e29fdf452dda45,2908,160906_band4,train,8,72,Q2,5.24053
one_control,1.0,16da401aad57d96d1dea,-3.0,negative,00_08,00_13,medium,69,29.97,False,small_medium,412,341,0,offset,53c847632de0edc474f0d0c9,2908,160906_band4,train,3,72,Q2,5.24053
one_control,1.0,16da401aad57d96d1dea,-0.5,negative,00_08,00_13,medium,71,29.97,False,near_zero,412,341,0,offset,38bedfdae8b062ed726b5f7c,2908,160906_band4,train,1,72,Q2,5.24053
one_control,1.0,16da401aad57d96d1dea,0.0,zero,00_08,00_13,medium,72,29.97,False,zero,412,341,0,offset,4ce1b025c6a4d3382af58c1d,2908,160906_band4,train,0,72,Q2,5.24053
one_control,1.0,16da401aad57d96d1dea,0.25,positive,00_08,00_13,medium,71,29.97,False,near_zero,412,341,0,offset,bc2f0aa0eee9698ce1c2f4c0,2908,160906_band4,train,0,71,Q2,5.24053
one_control,1.0,16da401aad57d96d1dea,2.0,positive,00_08,00_13,medium,70,29.97,False,small_medium,412,341,0,offset,8c9f82662fad043a5cb633b2,2908,160906_band4,train,0,70,Q2,5.24053
one_control,1.0,16da401aad57d96d1dea,7.5,positive,00_08,00_13,medium,64,29.97,False,near_boundary,412,341,0,offset,1713653dcfa572c7b6d6132b,2908,160906_band4,train,0,64,Q2,5.24053
below_one,0.96,16da401aad57d96d1dea,-2.0,negative,00_08,00_13,medium,69,29.97,False,small_medium,412,341,0,affine,1534ac97a69173e88ac7d16f,2908,160906_band4,train,3,72,Q2,5.24053
below_one,0.96,16da401aad57d96d1dea,0.0,zero,00_08,00_13,medium,72,29.97,False,zero,412,341,0,affine,79a577f74d9986f0f865db51,2908,160906_band4,train,0,72,Q2,5.24053
below_one,0.96,16da401aad57d96d1dea,2.0,positive,00_08,00_13,medium,72,29.97,False,small_medium,412,341,0,affine,3a2dfd2b9405a4383595bb13,2908,160906_band4,train,0,72,Q2,5.24053
one_control,1.0,16da401aad57d96d1dea,-2.0,negative,00_08,00_13,medium,70,29.97,False,small_medium,412,341,0,affine,bf405de535e8bc5700ede5da,2908,160906_band4,train,2,72,Q2,5.24053
one_control,1.0,16da401aad57d96d1dea,0.0,zero,00_08,00_13,medium,72,29.97,False,zero,412,341,0,affine,31fa3b8ee168a21a7f414c79,2908,160906_band4,train,0,72,Q2,5.24053
one_control,1.0,16da401aad57d96d1dea,2.0,positive,00_08,00_13,medium,70,29.97,False,small_medium,412,341,0,affine,cb4688213fe1afe3d4470aa0,2908,160906_band4,train,0,70,Q2,5.24053
above_one,1.04,16da401aad57d96d1dea,-2.0,negative,00_08,00_13,medium,69,29.97,False,small_medium,412,341,0,affine,3f3c464dee1fc076f613d000,2908,160906_band4,train,2,71,Q2,5.24053
above_one,1.04,16da401aad57d96d1dea,0.0,zero,00_08,00_13,medium,69,29.97,False,zero,412,341,0,affine,7c37a113965eb96edde398dd,2908,160906_band4,train,0,69,Q2,5.24053
above_one,1.04,16da401aad57d96d1dea,2.0,positive,00_08,00_13,medium,67,29.97,False,small_medium,412,341,0,affine,e928db1ac700907bb2b02a10,2908,160906_band4,train,0,67,Q2,5.24053
one_control,1.0,16da401aad57d96d1dea,-7.5,negative,00_09,00_25,wide,64,29.97,False,near_boundary,412,341,0,offset,897fe1d8cec5b3bf1b540b43,2908,160906_band4,train,8,72,Q2,5.24053
one_control,1.0,16da401aad57d96d1dea,-3.0,negative,00_09,00_25,wide,69,29.97,False,small_medium,412,341,0,offset,8517985a3c19633c0bdc00c3,2908,160906_band4,train,3,72,Q2,5.24053
one_control,1.0,16da401aad57d96d1dea,-0.5,negative,00_09,00_25,wide,71,29.97,False,near_zero,412,341,0,offset,aa0a95519a89b7bc5bd3f5f2,2908,160906_band4,train,1,72,Q2,5.24053
one_control,1.0,16da401aad57d96d1dea,0.0,zero,00_09,00_25,wide,72,29.97,False,zero,412,341,0,offset,df8ef557b031762a9a3dab2e,2908,160906_band4,train,0,72,Q2,5.24053
one_control,1.0,16da401aad57d96d1dea,0.25,positive,00_09,00_25,wide,71,29.97,False,near_zero,412,341,0,offset,6c8d12e5e8e8aedfe1077cea,2908,160906_band4,train,0,71,Q2,5.24053
one_control,1.0,16da401aad57d96d1dea,2.0,positive,00_09,00_25,wide,70,29.97,False,small_medium,412,341,0,offset,75a0723537b6a8af545ae360,2908,160906_band4,train,0,70,Q2,5.24053
one_control,1.0,16da401aad57d96d1dea,7.5,positive,00_09,00_25,wide,64,29.97,False,near_boundary,412,341,0,offset,0a9a84f3ccf64265d23e0088,2908,160906_band4,train,0,64,Q2,5.24053
below_one,0.96,16da401aad57d96d1dea,-2.0,negative,00_09,00_25,wide,69,29.97,False,small_medium,412,341,0,affine,3b199a15d265fcf77f91762f,2908,160906_band4,train,3,72,Q2,5.24053
below_one,0.96,16da401aad57d96d1dea,0.0,zero,00_09,00_25,wide,72,29.97,False,zero,412,341,0,affine,9b9f810e3c4af5801d4586b3,2908,160906_band4,train,0,72,Q2,5.24053
below_one,0.96,16da401aad57d96d1dea,2.0,positive,00_09,00_25,wide,72,29.97,False,small_medium,412,341,0,affine,46f2f633b4f4b02ef6f0ee8b,2908,160906_band4,train,0,72,Q2,5.24053
one_control,1.0,16da401aad57d96d1dea,-2.0,negative,00_09,00_25,wide,70,29.97,False,small_medium,412,341,0,affine,784225ed5d54804ae0f68347,2908,160906_band4,train,2,72,Q2,5.24053
one_control,1.0,16da401aad57d96d1dea,0.0,zero,00_09,00_25,wide,72,29.97,False,zero,412,341,0,affine,7f05a5470964404b378dbdda,2908,160906_band4,train,0,72,Q2,5.24053
one_control,1.0,16da401aad57d96d1dea,2.0,positive,00_09,00_25,wide,70,29.97,False,small_medium,412,341,0,affine,e098d9c95a8b7b68181e3b13,2908,160906_band4,train,0,70,Q2,5.24053
above_one,1.04,16da401aad57d96d1dea,-2.0,negative,00_09,00_25,wide,69,29.97,False,small_medium,412,341,0,affine,fcc7f32be5ed919d03f60498,2908,160906_band4,train,2,71,Q2,5.24053
above_one,1.04,16da401aad57d96d1dea,0.0,zero,00_09,00_25,wide,69,29.97,False,zero,412,341,0,affine,4769a2b361fed9a0cc656298,2908,160906_band4,train,0,69,Q2,5.24053
above_one,1.04,16da401aad57d96d1dea,2.0,positive,00_09,00_25,wide,67,29.97,False,small_medium,412,341,0,affine,80bcdf474fe8ba1756c6ca7f,2908,160906_band4,train,0,67,Q2,5.24053
one_control,1.0,39b84a7e67317304c668,-7.5,negative,00_04,00_18,small,64,29.97,False,near_boundary,612,541,1,offset,074bb1283a90bad51c62b03c,2908,160422_haggling1,test,8,72,Q1,4.715596
one_control,1.0,39b84a7e67317304c668,-3.0,negative,00_04,00_18,small,69,29.97,False,small_medium,612,541,1,offset,18fdb224668d43b028817fe3,2908,160422_haggling1,test,3,72,Q1,4.715596
one_control,1.0,39b84a7e67317304c668,-0.5,negative,00_04,00_18,small,71,29.97,False,near_zero,612,541,1,offset,f5ab5f13eb0ece1a2ca7fed4,2908,160422_haggling1,test,1,72,Q1,4.715596
one_control,1.0,39b84a7e67317304c668,0.0,zero,00_04,00_18,small,72,29.97,False,zero,612,541,1,offset,d5b435a9060eda1e96b84aec,2908,160422_haggling1,test,0,72,Q1,4.715596
one_control,1.0,39b84a7e67317304c668,0.25,positive,00_04,00_18,small,71,29.97,False,near_zero,612,541,1,offset,529c8ba8a913d40fe1564c09,2908,160422_haggling1,test,0,71,Q1,4.715596
one_control,1.0,39b84a7e67317304c668,2.0,positive,00_04,00_18,small,70,29.97,False,small_medium,612,541,1,offset,3c5c467f0d9bec68a36b68b9,2908,160422_haggling1,test,0,70,Q1,4.715596
one_control,1.0,39b84a7e67317304c668,7.5,positive,00_04,00_18,small,64,29.97,False,near_boundary,612,541,1,offset,b52eebb19757bfec105092fc,2908,160422_haggling1,test,0,64,Q1,4.715596
below_one,0.96,39b84a7e67317304c668,-2.0,negative,00_04,00_18,small,69,29.97,False,small_medium,612,541,1,affine,d7ff365975c75d96b1a3a407,2908,160422_haggling1,test,3,72,Q1,4.715596
below_one,0.96,39b84a7e67317304c668,0.0,zero,00_04,00_18,small,72,29.97,False,zero,612,541,1,affine,7b5b080215c5e9154b585555,2908,160422_haggling1,test,0,72,Q1,4.715596
below_one,0.96,39b84a7e67317304c668,2.0,positive,00_04,00_18,small,72,29.97,False,small_medium,612,541,1,affine,d1929b991c4fa0c0a2e0854c,2908,160422_haggling1,test,0,72,Q1,4.715596
one_control,1.0,39b84a7e67317304c668,-2.0,negative,00_04,00_18,small,70,29.97,False,small_medium,612,541,1,affine,5df6b0b15efbcb600b93c082,2908,160422_haggling1,test,2,72,Q1,4.715596
one_control,1.0,39b84a7e67317304c668,0.0,zero,00_04,00_18,small,72,29.97,False,zero,612,541,1,affine,d6fed29c9db7787ae238d252,2908,160422_haggling1,test,0,72,Q1,4.715596
one_control,1.0,39b84a7e67317304c668,2.0,positive,00_04,00_18,small,70,29.97,False,small_medium,612,541,1,affine,6e284037dd22be2be0b328d6,2908,160422_haggling1,test,0,70,Q1,4.715596
above_one,1.04,39b84a7e67317304c668,-2.0,negative,00_04,00_18,small,69,29.97,False,small_medium,612,541,1,affine,230754c54aa8db9ba18305df,2908,160422_haggling1,test,2,71,Q1,4.715596
above_one,1.04,39b84a7e67317304c668,0.0,zero,00_04,00_18,small,69,29.97,False,zero,612,541,1,affine,d418a0ba4a851638791c12d5,2908,160422_haggling1,test,0,69,Q1,4.715596
above_one,1.04,39b84a7e67317304c668,2.0,positive,00_04,00_18,small,67,29.97,False,small_medium,612,541,1,affine,513979ffe95842b84a71345c,2908,160422_haggling1,test,0,67,Q1,4.715596
one_control,1.0,39b84a7e67317304c668,-7.5,negative,00_08,00_13,medium,64,29.97,False,near_boundary,612,541,1,offset,3fec6647965c062a06ad6102,2908,160422_haggling1,test,8,72,Q1,4.715596
one_control,1.0,39b84a7e67317304c668,-3.0,negative,00_08,00_13,medium,69,29.97,False,small_medium,612,541,1,offset,835653030c2d11048a6af6b7,2908,160422_haggling1,test,3,72,Q1,4.715596
one_control,1.0,39b84a7e67317304c668,-0.5,negative,00_08,00_13,medium,71,29.97,False,near_zero,612,541,1,offset,f8a6854f5c1ccc570e100d13,2908,160422_haggling1,test,1,72,Q1,4.715596
one_control,1.0,39b84a7e67317304c668,0.0,zero,00_08,00_13,medium,72,29.97,False,zero,612,541,1,offset,f86aec76a7b6ae740997e6d3,2908,160422_haggling1,test,0,72,Q1,4.715596
one_control,1.0,39b84a7e67317304c668,0.25,positive,00_08,00_13,medium,71,29.97,False,near_zero,612,541,1,offset,74717b1511bc4d2bce441593,2908,160422_haggling1,test,0,71,Q1,4.715596
one_control,1.0,39b84a7e67317304c668,2.0,positive,00_08,00_13,medium,70,29.97,False,small_medium,612,541,1,offset,f58f4e23e9d2a47c5e0dad53,2908,160422_haggling1,test,0,70,Q1,4.715596
one_control,1.0,39b84a7e67317304c668,7.5,positive,00_08,00_13,medium,64,29.97,False,near_boundary,612,541,1,offset,e9028c2ad1f2414f42c92f6d,2908,160422_haggling1,test,0,64,Q1,4.715596
below_one,0.96,39b84a7e67317304c668,-2.0,negative,00_08,00_13,medium,69,29.97,False,small_medium,612,541,1,affine,5463d3bf7d5dd3c5a6d78a39,2908,160422_haggling1,test,3,72,Q1,4.715596
below_one,0.96,39b84a7e67317304c668,0.0,zero,00_08,00_13,medium,72,29.97,False,zero,612,541,1,affine,52e7eaf52174f376baa60614,2908,160422_haggling1,test,0,72,Q1,4.715596
below_one,0.96,39b84a7e67317304c668,2.0,positive,00_08,00_13,medium,72,29.97,False,small_medium,612,541,1,affine,b688b95ba95a8611187585f0,2908,160422_haggling1,test,0,72,Q1,4.715596
one_control,1.0,39b84a7e67317304c668,-2.0,negative,00_08,00_13,medium,70,29.97,False,small_medium,612,541,1,affine,4e43632fa82eb69a3d36a969,2908,160422_haggling1,test,2,72,Q1,4.715596
one_control,1.0,39b84a7e67317304c668,0.0,zero,00_08,00_13,medium,72,29.97,False,zero,612,541,1,affine,557078639843c1efaeeb9a0d,2908,160422_haggling1,test,0,72,Q1,4.715596
one_control,1.0,39b84a7e67317304c668,2.0,positive,00_08,00_13,medium,70,29.97,False,small_medium,612,541,1,affine,5d95fe68074fbce5bfae8b89,2908,160422_haggling1,test,0,70,Q1,4.715596
above_one,1.04,39b84a7e67317304c668,-2.0,negative,00_08,00_13,medium,69,29.97,False,small_medium,612,541,1,affine,9827d64f2e2be738085e9282,2908,160422_haggling1,test,2,71,Q1,4.715596
above_one,1.04,39b84a7e67317304c668,0.0,zero,00_08,00_13,medium,69,29.97,False,zero,612,541,1,affine,7640e7ecf14e076cef025c00,2908,160422_haggling1,test,0,69,Q1,4.715596
above_one,1.04,39b84a7e67317304c668,2.0,positive,00_08,00_13,medium,67,29.97,False,small_medium,612,541,1,affine,b5927d66570b1388c965e804,2908,160422_haggling1,test,0,67,Q1,4.715596
one_control,1.0,39b84a7e67317304c668,-7.5,negative,00_00,00_03,wide,64,29.97,False,near_boundary,612,541,1,offset,8a6d259de47734f81167c8c1,2908,160422_haggling1,test,8,72,Q1,4.715596
one_control,1.0,39b84a7e67317304c668,-3.0,negative,00_00,00_03,wide,69,29.97,False,small_medium,612,541,1,offset,064fcbd844adac6255ba7d69,2908,160422_haggling1,test,3,72,Q1,4.715596
one_control,1.0,39b84a7e67317304c668,-0.5,negative,00_00,00_03,wide,71,29.97,False,near_zero,612,541,1,offset,42e377f848158601737a5f9b,2908,160422_haggling1,test,1,72,Q1,4.715596
one_control,1.0,39b84a7e67317304c668,0.0,zero,00_00,00_03,wide,72,29.97,False,zero,612,541,1,offset,4e2bd7933450d44c1c858a17,2908,160422_haggling1,test,0,72,Q1,4.715596
one_control,1.0,39b84a7e67317304c668,0.25,positive,00_00,00_03,wide,71,29.97,False,near_zero,612,541,1,offset,df0c75406587545afebd2cf5,2908,160422_haggling1,test,0,71,Q1,4.715596
one_control,1.0,39b84a7e67317304c668,2.0,positive,00_00,00_03,wide,70,29.97,False,small_medium,612,541,1,offset,3b4d42871b51795ad5c43876,2908,160422_haggling1,test,0,70,Q1,4.715596
one_control,1.0,39b84a7e67317304c668,7.5,positive,00_00,00_03,wide,64,29.97,False,near_boundary,612,541,1,offset,b2315a4fcc586178df549727,2908,160422_haggling1,test,0,64,Q1,4.715596
below_one,0.96,39b84a7e67317304c668,-2.0,negative,00_00,00_03,wide,69,29.97,False,small_medium,612,541,1,affine,1cc4c6e5a1c1e3e52b455e66,2908,160422_haggling1,test,3,72,Q1,4.715596
below_one,0.96,39b84a7e67317304c668,0.0,zero,00_00,00_03,wide,72,29.97,False,zero,612,541,1,affine,94a34fba5952985d802ed880,2908,160422_haggling1,test,0,72,Q1,4.715596
below_one,0.96,39b84a7e67317304c668,2.0,positive,00_00,00_03,wide,72,29.97,False,small_medium,612,541,1,affine,561d6d193e6486eb2428c011,2908,160422_haggling1,test,0,72,Q1,4.715596
one_control,1.0,39b84a7e67317304c668,-2.0,negative,00_00,00_03,wide,70,29.97,False,small_medium,612,541,1,affine,5edf37dabf3baa09fece8492,2908,160422_haggling1,test,2,72,Q1,4.715596
one_control,1.0,39b84a7e67317304c668,0.0,zero,00_00,00_03,wide,72,29.97,False,zero,612,541,1,affine,46d59ef406ab030bd488fa43,2908,160422_haggling1,test,0,72,Q1,4.715596
one_control,1.0,39b84a7e67317304c668,2.0,positive,00_00,00_03,wide,70,29.97,False,small_medium,612,541,1,affine,c8ca3e190b51f1c982e2b61d,2908,160422_haggling1,test,0,70,Q1,4.715596
above_one,1.04,39b84a7e67317304c668,-2.0,negative,00_00,00_03,wide,69,29.97,False,small_medium,612,541,1,affine,7583ff2585db546eb142f927,2908,160422_haggling1,test,2,71,Q1,4.715596
above_one,1.04,39b84a7e67317304c668,0.0,zero,00_00,00_03,wide,69,29.97,False,zero,612,541,1,affine,8e2c1e154413a590395e0b48,2908,160422_haggling1,test,0,69,Q1,4.715596
above_one,1.04,39b84a7e67317304c668,2.0,positive,00_00,00_03,wide,67,29.97,False,small_medium,612,541,1,affine,ec94bff77a0276a116072f1a,2908,160422_haggling1,test,0,67,Q1,4.715596
one_control,1.0,46347a185abb0d78cef4,-7.5,negative,00_01,00_19,small,64,29.97,False,near_boundary,6177,6106,10,offset,4b51ef716c75aa614880602f,2908,160226_haggling1,test,8,72,Q1,2.397319
one_control,1.0,46347a185abb0d78cef4,-3.0,negative,00_01,00_19,small,69,29.97,False,small_medium,6177,6106,10,offset,5b8d88254fadf8294fdd7e05,2908,160226_haggling1,test,3,72,Q1,2.397319
one_control,1.0,46347a185abb0d78cef4,-0.5,negative,00_01,00_19,small,71,29.97,False,near_zero,6177,6106,10,offset,a2d57ca423dd3e500b2f8a3b,2908,160226_haggling1,test,1,72,Q1,2.397319
one_control,1.0,46347a185abb0d78cef4,0.0,zero,00_01,00_19,small,72,29.97,False,zero,6177,6106,10,offset,05276089402afcf806bb99e9,2908,160226_haggling1,test,0,72,Q1,2.397319
one_control,1.0,46347a185abb0d78cef4,0.25,positive,00_01,00_19,small,71,29.97,False,near_zero,6177,6106,10,offset,6ca9b16f2aeff10161f8b53f,2908,160226_haggling1,test,0,71,Q1,2.397319
one_control,1.0,46347a185abb0d78cef4,2.0,positive,00_01,00_19,small,70,29.97,False,small_medium,6177,6106,10,offset,cadacab82cf10019c9b90251,2908,160226_haggling1,test,0,70,Q1,2.397319
one_control,1.0,46347a185abb0d78cef4,7.5,positive,00_01,00_19,small,64,29.97,False,near_boundary,6177,6106,10,offset,101c119b21c9a36932001bed,2908,160226_haggling1,test,0,64,Q1,2.397319
below_one,0.96,46347a185abb0d78cef4,-2.0,negative,00_01,00_19,small,69,29.97,False,small_medium,6177,6106,10,affine,4b7f2a6b6d7ba3f56f297fb8,2908,160226_haggling1,test,3,72,Q1,2.397319
below_one,0.96,46347a185abb0d78cef4,0.0,zero,00_01,00_19,small,72,29.97,False,zero,6177,6106,10,affine,19a16cd8b5760d06cb525549,2908,160226_haggling1,test,0,72,Q1,2.397319
below_one,0.96,46347a185abb0d78cef4,2.0,positive,00_01,00_19,small,72,29.97,False,small_medium,6177,6106,10,affine,1cf956e22743eb147c0a4a13,2908,160226_haggling1,test,0,72,Q1,2.397319
one_control,1.0,46347a185abb0d78cef4,-2.0,negative,00_01,00_19,small,70,29.97,False,small_medium,6177,6106,10,affine,9e0e16e73b019304b7b8b49e,2908,160226_haggling1,test,2,72,Q1,2.397319
one_control,1.0,46347a185abb0d78cef4,0.0,zero,00_01,00_19,small,72,29.97,False,zero,6177,6106,10,affine,55a63f7b17c05066b05e9255,2908,160226_haggling1,test,0,72,Q1,2.397319
one_control,1.0,46347a185abb0d78cef4,2.0,positive,00_01,00_19,small,70,29.97,False,small_medium,6177,6106,10,affine,8995c6f7f07866e247a7bd85,2908,160226_haggling1,test,0,70,Q1,2.397319
above_one,1.04,46347a185abb0d78cef4,-2.0,negative,00_01,00_19,small,69,29.97,False,small_medium,6177,6106,10,affine,f44fb9ef128cb9a6c5673f86,2908,160226_haggling1,test,2,71,Q1,2.397319
above_one,1.04,46347a185abb0d78cef4,0.0,zero,00_01,00_19,small,69,29.97,False,zero,6177,6106,10,affine,5029aef2472122b6c4d73a76,2908,160226_haggling1,test,0,69,Q1,2.397319
above_one,1.04,46347a185abb0d78cef4,2.0,positive,00_01,00_19,small,67,29.97,False,small_medium,6177,6106,10,affine,46de040b1121681b20fe08ce,2908,160226_haggling1,test,0,67,Q1,2.397319
one_control,1.0,46347a185abb0d78cef4,-7.5,negative,00_04,00_13,medium,64,29.97,False,near_boundary,6177,6106,10,offset,4c781379c31685452d771b54,2908,160226_haggling1,test,8,72,Q1,2.397319
one_control,1.0,46347a185abb0d78cef4,-3.0,negative,00_04,00_13,medium,69,29.97,False,small_medium,6177,6106,10,offset,12b364d32d19096432de25a6,2908,160226_haggling1,test,3,72,Q1,2.397319
one_control,1.0,46347a185abb0d78cef4,-0.5,negative,00_04,00_13,medium,71,29.97,False,near_zero,6177,6106,10,offset,8ac4d4aed1c317ce049790ca,2908,160226_haggling1,test,1,72,Q1,2.397319
one_control,1.0,46347a185abb0d78cef4,0.0,zero,00_04,00_13,medium,72,29.97,False,zero,6177,6106,10,offset,eb65dfd2d561ff6c9cb304a2,2908,160226_haggling1,test,0,72,Q1,2.397319
one_control,1.0,46347a185abb0d78cef4,0.25,positive,00_04,00_13,medium,71,29.97,False,near_zero,6177,6106,10,offset,b6755514a2cc5e9d86b35b78,2908,160226_haggling1,test,0,71,Q1,2.397319
one_control,1.0,46347a185abb0d78cef4,2.0,positive,00_04,00_13,medium,70,29.97,False,small_medium,6177,6106,10,offset,e3303a132af374e8571cb469,2908,160226_haggling1,test,0,70,Q1,2.397319
one_control,1.0,46347a185abb0d78cef4,7.5,positive,00_04,00_13,medium,64,29.97,False,near_boundary,6177,6106,10,offset,40ef81a7cbdc78b9d145a38a,2908,160226_haggling1,test,0,64,Q1,2.397319
below_one,0.96,46347a185abb0d78cef4,-2.0,negative,00_04,00_13,medium,69,29.97,False,small_medium,6177,6106,10,affine,ca545f6d4fc69494cffcde2a,2908,160226_haggling1,test,3,72,Q1,2.397319
below_one,0.96,46347a185abb0d78cef4,0.0,zero,00_04,00_13,medium,72,29.97,False,zero,6177,6106,10,affine,b8eb64dedea4ca974af5939f,2908,160226_haggling1,test,0,72,Q1,2.397319
below_one,0.96,46347a185abb0d78cef4,2.0,positive,00_04,00_13,medium,72,29.97,False,small_medium,6177,6106,10,affine,ffa46088d21ad2f11a05cc28,2908,160226_haggling1,test,0,72,Q1,2.397319
one_control,1.0,46347a185abb0d78cef4,-2.0,negative,00_04,00_13,medium,70,29.97,False,small_medium,6177,6106,10,affine,2a0b8a7bb7870c210fd73b6d,2908,160226_haggling1,test,2,72,Q1,2.397319
one_control,1.0,46347a185abb0d78cef4,0.0,zero,00_04,00_13,medium,72,29.97,False,zero,6177,6106,10,affine,3f99890bdf54c7089738c603,2908,160226_haggling1,test,0,72,Q1,2.397319
one_control,1.0,46347a185abb0d78cef4,2.0,positive,00_04,00_13,medium,70,29.97,False,small_medium,6177,6106,10,affine,e45f1ff3c1412ce466161238,2908,160226_haggling1,test,0,70,Q1,2.397319
above_one,1.04,46347a185abb0d78cef4,-2.0,negative,00_04,00_13,medium,69,29.97,False,small_medium,6177,6106,10,affine,d90f694c8f402643272c1870,2908,160226_haggling1,test,2,71,Q1,2.397319
above_one,1.04,46347a185abb0d78cef4,0.0,zero,00_04,00_13,medium,69,29.97,False,zero,6177,6106,10,affine,8e7dea36fa6ce120c37b8344,2908,160226_haggling1,test,0,69,Q1,2.397319
above_one,1.04,46347a185abb0d78cef4,2.0,positive,00_04,00_13,medium,67,29.97,False,small_medium,6177,6106,10,affine,9af41b490df0f18510738ea4,2908,160226_haggling1,test,0,67,Q1,2.397319
one_control,1.0,46347a185abb0d78cef4,-7.5,negative,00_26,00_30,wide,64,29.97,False,near_boundary,6177,6106,10,offset,3ba2154897704d4dbf3bd6c5,2908,160226_haggling1,test,8,72,Q1,2.397319
one_control,1.0,46347a185abb0d78cef4,-3.0,negative,00_26,00_30,wide,69,29.97,False,small_medium,6177,6106,10,offset,4eb80a236a1144855a1607bb,2908,160226_haggling1,test,3,72,Q1,2.397319
one_control,1.0,46347a185abb0d78cef4,-0.5,negative,00_26,00_30,wide,71,29.97,False,near_zero,6177,6106,10,offset,b7c7196c91e49b6c42ea369d,2908,160226_haggling1,test,1,72,Q1,2.397319
one_control,1.0,46347a185abb0d78cef4,0.0,zero,00_26,00_30,wide,72,29.97,False,zero,6177,6106,10,offset,963978c9045cfa474b9ada93,2908,160226_haggling1,test,0,72,Q1,2.397319
one_control,1.0,46347a185abb0d78cef4,0.25,positive,00_26,00_30,wide,71,29.97,False,near_zero,6177,6106,10,offset,962050a770f52f19b278926c,2908,160226_haggling1,test,0,71,Q1,2.397319
one_control,1.0,46347a185abb0d78cef4,2.0,positive,00_26,00_30,wide,70,29.97,False,small_medium,6177,6106,10,offset,17c2da015aebba39a9deb3e4,2908,160226_haggling1,test,0,70,Q1,2.397319
one_control,1.0,46347a185abb0d78cef4,7.5,positive,00_26,00_30,wide,64,29.97,False,near_boundary,6177,6106,10,offset,79cb9849762911acfb9ecc75,2908,160226_haggling1,test,0,64,Q1,2.397319
below_one,0.96,46347a185abb0d78cef4,-2.0,negative,00_26,00_30,wide,69,29.97,False,small_medium,6177,6106,10,affine,06652021ecb0938d495b7774,2908,160226_haggling1,test,3,72,Q1,2.397319
below_one,0.96,46347a185abb0d78cef4,0.0,zero,00_26,00_30,wide,72,29.97,False,zero,6177,6106,10,affine,37d9b43a837bf8e203f7964d,2908,160226_haggling1,test,0,72,Q1,2.397319
below_one,0.96,46347a185abb0d78cef4,2.0,positive,00_26,00_30,wide,72,29.97,False,small_medium,6177,6106,10,affine,58ccc592f67acecf6fdff585,2908,160226_haggling1,test,0,72,Q1,2.397319
one_control,1.0,46347a185abb0d78cef4,-2.0,negative,00_26,00_30,wide,70,29.97,False,small_medium,6177,6106,10,affine,09b9b87e1adce1bdad30fa7b,2908,160226_haggling1,test,2,72,Q1,2.397319
one_control,1.0,46347a185abb0d78cef4,0.0,zero,00_26,00_30,wide,72,29.97,False,zero,6177,6106,10,affine,f5afcafedabdfe7c5e39dbca,2908,160226_haggling1,test,0,72,Q1,2.397319
one_control,1.0,46347a185abb0d78cef4,2.0,positive,00_26,00_30,wide,70,29.97,False,small_medium,6177,6106,10,affine,6371922e76964b4b7a3c748a,2908,160226_haggling1,test,0,70,Q1,2.397319
above_one,1.04,46347a185abb0d78cef4,-2.0,negative,00_26,00_30,wide,69,29.97,False,small_medium,6177,6106,10,affine,e2e87dcc7350c5594105a049,2908,160226_haggling1,test,2,71,Q1,2.397319
above_one,1.04,46347a185abb0d78cef4,0.0,zero,00_26,00_30,wide,69,29.97,False,zero,6177,6106,10,affine,b270eef0e14e76a37a309e9e,2908,160226_haggling1,test,0,69,Q1,2.397319
above_one,1.04,46347a185abb0d78cef4,2.0,positive,00_26,00_30,wide,67,29.97,False,small_medium,6177,6106,10,affine,1adad31ad0638b6c0fe5df0b,2908,160226_haggling1,test,0,67,Q1,2.397319
one_control,1.0,49547e707b85708afb3d,-7.5,negative,00_04,00_18,small,64,29.97,False,near_boundary,792,721,1,offset,5b30009e84729b82aec39e3e,2908,160422_haggling1,test,8,72,Q1,2.519201
one_control,1.0,49547e707b85708afb3d,-3.0,negative,00_04,00_18,small,69,29.97,False,small_medium,792,721,1,offset,8b2747a86a48d459d4806715,2908,160422_haggling1,test,3,72,Q1,2.519201
one_control,1.0,49547e707b85708afb3d,-0.5,negative,00_04,00_18,small,71,29.97,False,near_zero,792,721,1,offset,735b444a0f29a01740dd6afc,2908,160422_haggling1,test,1,72,Q1,2.519201
one_control,1.0,49547e707b85708afb3d,0.0,zero,00_04,00_18,small,72,29.97,False,zero,792,721,1,offset,ba7e20d331356895abfd6173,2908,160422_haggling1,test,0,72,Q1,2.519201
one_control,1.0,49547e707b85708afb3d,0.25,positive,00_04,00_18,small,71,29.97,False,near_zero,792,721,1,offset,38ab9013bab58b7fb9f8aaa0,2908,160422_haggling1,test,0,71,Q1,2.519201
one_control,1.0,49547e707b85708afb3d,2.0,positive,00_04,00_18,small,70,29.97,False,small_medium,792,721,1,offset,02b15205cf4d896fa943d225,2908,160422_haggling1,test,0,70,Q1,2.519201
one_control,1.0,49547e707b85708afb3d,7.5,positive,00_04,00_18,small,64,29.97,False,near_boundary,792,721,1,offset,af7af45e9393cef672b0421d,2908,160422_haggling1,test,0,64,Q1,2.519201
below_one,0.96,49547e707b85708afb3d,-2.0,negative,00_04,00_18,small,69,29.97,False,small_medium,792,721,1,affine,4b1500964b9b82906d8f9892,2908,160422_haggling1,test,3,72,Q1,2.519201
below_one,0.96,49547e707b85708afb3d,0.0,zero,00_04,00_18,small,72,29.97,False,zero,792,721,1,affine,0ead99dd109a0968d37f7b94,2908,160422_haggling1,test,0,72,Q1,2.519201
below_one,0.96,49547e707b85708afb3d,2.0,positive,00_04,00_18,small,72,29.97,False,small_medium,792,721,1,affine,1b9173267cab741ee5d0ae6f,2908,160422_haggling1,test,0,72,Q1,2.519201
one_control,1.0,49547e707b85708afb3d,-2.0,negative,00_04,00_18,small,70,29.97,False,small_medium,792,721,1,affine,9cf1110493bbfa959ed699a8,2908,160422_haggling1,test,2,72,Q1,2.519201
one_control,1.0,49547e707b85708afb3d,0.0,zero,00_04,00_18,small,72,29.97,False,zero,792,721,1,affine,1fae9017494c18264f2e0419,2908,160422_haggling1,test,0,72,Q1,2.519201
one_control,1.0,49547e707b85708afb3d,2.0,positive,00_04,00_18,small,70,29.97,False,small_medium,792,721,1,affine,bff7140d1e578ae0d34e0849,2908,160422_haggling1,test,0,70,Q1,2.519201
above_one,1.04,49547e707b85708afb3d,-2.0,negative,00_04,00_18,small,69,29.97,False,small_medium,792,721,1,affine,12caefb147a6ebbada27e701,2908,160422_haggling1,test,2,71,Q1,2.519201
above_one,1.04,49547e707b85708afb3d,0.0,zero,00_04,00_18,small,69,29.97,False,zero,792,721,1,affine,6c741b1f89e09ee5ec3a0f79,2908,160422_haggling1,test,0,69,Q1,2.519201
above_one,1.04,49547e707b85708afb3d,2.0,positive,00_04,00_18,small,67,29.97,False,small_medium,792,721,1,affine,7a60ae620d74320b9e296005,2908,160422_haggling1,test,0,67,Q1,2.519201
one_control,1.0,49547e707b85708afb3d,-7.5,negative,00_08,00_13,medium,64,29.97,False,near_boundary,792,721,1,offset,8f6fb922aa48a89e60deb570,2908,160422_haggling1,test,8,72,Q1,2.519201
one_control,1.0,49547e707b85708afb3d,-3.0,negative,00_08,00_13,medium,69,29.97,False,small_medium,792,721,1,offset,977e4b1e6a347a891835642e,2908,160422_haggling1,test,3,72,Q1,2.519201
one_control,1.0,49547e707b85708afb3d,-0.5,negative,00_08,00_13,medium,71,29.97,False,near_zero,792,721,1,offset,5e6bb66cd147bc37495f1393,2908,160422_haggling1,test,1,72,Q1,2.519201
one_control,1.0,49547e707b85708afb3d,0.0,zero,00_08,00_13,medium,72,29.97,False,zero,792,721,1,offset,9f98a2c30de1da74233f717e,2908,160422_haggling1,test,0,72,Q1,2.519201
one_control,1.0,49547e707b85708afb3d,0.25,positive,00_08,00_13,medium,71,29.97,False,near_zero,792,721,1,offset,b3b9230b40a4dc82f2d77cb6,2908,160422_haggling1,test,0,71,Q1,2.519201
one_control,1.0,49547e707b85708afb3d,2.0,positive,00_08,00_13,medium,70,29.97,False,small_medium,792,721,1,offset,125710ce3f81e30eae03f171,2908,160422_haggling1,test,0,70,Q1,2.519201
one_control,1.0,49547e707b85708afb3d,7.5,positive,00_08,00_13,medium,64,29.97,False,near_boundary,792,721,1,offset,01c6c1ce00343b88484d5a19,2908,160422_haggling1,test,0,64,Q1,2.519201
below_one,0.96,49547e707b85708afb3d,-2.0,negative,00_08,00_13,medium,69,29.97,False,small_medium,792,721,1,affine,8c1f8a4a04126333f2fc5cd0,2908,160422_haggling1,test,3,72,Q1,2.519201
below_one,0.96,49547e707b85708afb3d,0.0,zero,00_08,00_13,medium,72,29.97,False,zero,792,721,1,affine,e0539816e15fb5e7b81a3985,2908,160422_haggling1,test,0,72,Q1,2.519201
below_one,0.96,49547e707b85708afb3d,2.0,positive,00_08,00_13,medium,72,29.97,False,small_medium,792,721,1,affine,2161ba3d410306c05d6cc0b1,2908,160422_haggling1,test,0,72,Q1,2.519201
one_control,1.0,49547e707b85708afb3d,-2.0,negative,00_08,00_13,medium,70,29.97,False,small_medium,792,721,1,affine,906fe5f90de5b04fc076a891,2908,160422_haggling1,test,2,72,Q1,2.519201
one_control,1.0,49547e707b85708afb3d,0.0,zero,00_08,00_13,medium,72,29.97,False,zero,792,721,1,affine,9bb5fdfe2a853e9064bc05c6,2908,160422_haggling1,test,0,72,Q1,2.519201
one_control,1.0,49547e707b85708afb3d,2.0,positive,00_08,00_13,medium,70,29.97,False,small_medium,792,721,1,affine,357011e293b958a6c51ed93e,2908,160422_haggling1,test,0,70,Q1,2.519201
above_one,1.04,49547e707b85708afb3d,-2.0,negative,00_08,00_13,medium,69,29.97,False,small_medium,792,721,1,affine,516046ce2f26d0e33aac3ecb,2908,160422_haggling1,test,2,71,Q1,2.519201
above_one,1.04,49547e707b85708afb3d,0.0,zero,00_08,00_13,medium,69,29.97,False,zero,792,721,1,affine,223fc7dfbe6059c010e8ec5b,2908,160422_haggling1,test,0,69,Q1,2.519201
above_one,1.04,49547e707b85708afb3d,2.0,positive,00_08,00_13,medium,67,29.97,False,small_medium,792,721,1,affine,608870c50fd018eab97edabf,2908,160422_haggling1,test,0,67,Q1,2.519201
one_control,1.0,49547e707b85708afb3d,-7.5,negative,00_00,00_03,wide,64,29.97,False,near_boundary,792,721,1,offset,0add25a359dbd64a6decc284,2908,160422_haggling1,test,8,72,Q1,2.519201
one_control,1.0,49547e707b85708afb3d,-3.0,negative,00_00,00_03,wide,69,29.97,False,small_medium,792,721,1,offset,bc3588acf3238ead59dc7e4e,2908,160422_haggling1,test,3,72,Q1,2.519201
one_control,1.0,49547e707b85708afb3d,-0.5,negative,00_00,00_03,wide,71,29.97,False,near_zero,792,721,1,offset,578fb4f5c0f6ede24581a81a,2908,160422_haggling1,test,1,72,Q1,2.519201
one_control,1.0,49547e707b85708afb3d,0.0,zero,00_00,00_03,wide,72,29.97,False,zero,792,721,1,offset,7b9fc921c22d17cd490b965a,2908,160422_haggling1,test,0,72,Q1,2.519201
one_control,1.0,49547e707b85708afb3d,0.25,positive,00_00,00_03,wide,71,29.97,False,near_zero,792,721,1,offset,2ecd775d3118b6e34baf4275,2908,160422_haggling1,test,0,71,Q1,2.519201
one_control,1.0,49547e707b85708afb3d,2.0,positive,00_00,00_03,wide,70,29.97,False,small_medium,792,721,1,offset,31ec1d66abc0d391e3045ca6,2908,160422_haggling1,test,0,70,Q1,2.519201
one_control,1.0,49547e707b85708afb3d,7.5,positive,00_00,00_03,wide,64,29.97,False,near_boundary,792,721,1,offset,9b0e787a1790f30351be56e2,2908,160422_haggling1,test,0,64,Q1,2.519201
below_one,0.96,49547e707b85708afb3d,-2.0,negative,00_00,00_03,wide,69,29.97,False,small_medium,792,721,1,affine,9cb3ba38877d9b3c242ba7ae,2908,160422_haggling1,test,3,72,Q1,2.519201
below_one,0.96,49547e707b85708afb3d,0.0,zero,00_00,00_03,wide,72,29.97,False,zero,792,721,1,affine,54a5e2e36790150f906bbf7e,2908,160422_haggling1,test,0,72,Q1,2.519201
below_one,0.96,49547e707b85708afb3d,2.0,positive,00_00,00_03,wide,72,29.97,False,small_medium,792,721,1,affine,d2cbabe6f9b86631eba9a878,2908,160422_haggling1,test,0,72,Q1,2.519201
one_control,1.0,49547e707b85708afb3d,-2.0,negative,00_00,00_03,wide,70,29.97,False,small_medium,792,721,1,affine,701170cfb1b5b2716b96fd58,2908,160422_haggling1,test,2,72,Q1,2.519201
one_control,1.0,49547e707b85708afb3d,0.0,zero,00_00,00_03,wide,72,29.97,False,zero,792,721,1,affine,f9205bcf13461c0a66c0b3b6,2908,160422_haggling1,test,0,72,Q1,2.519201
one_control,1.0,49547e707b85708afb3d,2.0,positive,00_00,00_03,wide,70,29.97,False,small_medium,792,721,1,affine,9ceec4c5a70e0b607f3f0ffb,2908,160422_haggling1,test,0,70,Q1,2.519201
above_one,1.04,49547e707b85708afb3d,-2.0,negative,00_00,00_03,wide,69,29.97,False,small_medium,792,721,1,affine,54455a3230475eb623f86e1c,2908,160422_haggling1,test,2,71,Q1,2.519201
above_one,1.04,49547e707b85708afb3d,0.0,zero,00_00,00_03,wide,69,29.97,False,zero,792,721,1,affine,d623542a753e5690af7c645a,2908,160422_haggling1,test,0,69,Q1,2.519201
above_one,1.04,49547e707b85708afb3d,2.0,positive,00_00,00_03,wide,67,29.97,False,small_medium,792,721,1,affine,b9b6bd973c0d767e2b82682b,2908,160422_haggling1,test,0,67,Q1,2.519201
one_control,1.0,4bf14621364f9b2e3b3a,-7.5,negative,00_04,00_18,small,64,29.97,False,near_boundary,232,161,0,offset,f1067a973c6a6ec10c0c3b19,2908,160906_band4,train,8,72,Q3,6.241352
one_control,1.0,4bf14621364f9b2e3b3a,-3.0,negative,00_04,00_18,small,69,29.97,False,small_medium,232,161,0,offset,f40aef4909e39393c0455ae0,2908,160906_band4,train,3,72,Q3,6.241352
one_control,1.0,4bf14621364f9b2e3b3a,-0.5,negative,00_04,00_18,small,71,29.97,False,near_zero,232,161,0,offset,0b60fdf00c517ae1e97c299e,2908,160906_band4,train,1,72,Q3,6.241352
one_control,1.0,4bf14621364f9b2e3b3a,0.0,zero,00_04,00_18,small,72,29.97,False,zero,232,161,0,offset,1aebf1a5a7176ecf0c2b4884,2908,160906_band4,train,0,72,Q3,6.241352
one_control,1.0,4bf14621364f9b2e3b3a,0.25,positive,00_04,00_18,small,71,29.97,False,near_zero,232,161,0,offset,00f2802a1b84c23ba73791d3,2908,160906_band4,train,0,71,Q3,6.241352
one_control,1.0,4bf14621364f9b2e3b3a,2.0,positive,00_04,00_18,small,70,29.97,False,small_medium,232,161,0,offset,6d7666b0d2d1162c1826bc57,2908,160906_band4,train,0,70,Q3,6.241352
one_control,1.0,4bf14621364f9b2e3b3a,7.5,positive,00_04,00_18,small,64,29.97,False,near_boundary,232,161,0,offset,9cdf3852cac54a9b7ec3b23e,2908,160906_band4,train,0,64,Q3,6.241352
below_one,0.96,4bf14621364f9b2e3b3a,-2.0,negative,00_04,00_18,small,69,29.97,False,small_medium,232,161,0,affine,5db982ceb051e0fe1e79caa2,2908,160906_band4,train,3,72,Q3,6.241352
below_one,0.96,4bf14621364f9b2e3b3a,0.0,zero,00_04,00_18,small,72,29.97,False,zero,232,161,0,affine,60965603c9e7f70d0e486495,2908,160906_band4,train,0,72,Q3,6.241352
below_one,0.96,4bf14621364f9b2e3b3a,2.0,positive,00_04,00_18,small,72,29.97,False,small_medium,232,161,0,affine,1fe039d877304bb389a3e938,2908,160906_band4,train,0,72,Q3,6.241352
one_control,1.0,4bf14621364f9b2e3b3a,-2.0,negative,00_04,00_18,small,70,29.97,False,small_medium,232,161,0,affine,b9bef0e1f4d756ab5e2071f2,2908,160906_band4,train,2,72,Q3,6.241352
one_control,1.0,4bf14621364f9b2e3b3a,0.0,zero,00_04,00_18,small,72,29.97,False,zero,232,161,0,affine,79514c58fa8ba45ab3b463b5,2908,160906_band4,train,0,72,Q3,6.241352
one_control,1.0,4bf14621364f9b2e3b3a,2.0,positive,00_04,00_18,small,70,29.97,False,small_medium,232,161,0,affine,ba6202c5516315b57f1b8992,2908,160906_band4,train,0,70,Q3,6.241352
above_one,1.04,4bf14621364f9b2e3b3a,-2.0,negative,00_04,00_18,small,69,29.97,False,small_medium,232,161,0,affine,8a6a8d8f6a1eeb6207577d74,2908,160906_band4,train,2,71,Q3,6.241352
above_one,1.04,4bf14621364f9b2e3b3a,0.0,zero,00_04,00_18,small,69,29.97,False,zero,232,161,0,affine,3e02ab52e15e1004c76b8809,2908,160906_band4,train,0,69,Q3,6.241352
above_one,1.04,4bf14621364f9b2e3b3a,2.0,positive,00_04,00_18,small,67,29.97,False,small_medium,232,161,0,affine,54c2cd00c00b831279884eb5,2908,160906_band4,train,0,67,Q3,6.241352
one_control,1.0,4bf14621364f9b2e3b3a,-7.5,negative,00_08,00_13,medium,64,29.97,False,near_boundary,232,161,0,offset,ffa49469b0f6358fd7e29a67,2908,160906_band4,train,8,72,Q3,6.241352
one_control,1.0,4bf14621364f9b2e3b3a,-3.0,negative,00_08,00_13,medium,69,29.97,False,small_medium,232,161,0,offset,ce02214353983944ede14c9d,2908,160906_band4,train,3,72,Q3,6.241352
one_control,1.0,4bf14621364f9b2e3b3a,-0.5,negative,00_08,00_13,medium,71,29.97,False,near_zero,232,161,0,offset,28309639d1bc301a70e9d619,2908,160906_band4,train,1,72,Q3,6.241352
one_control,1.0,4bf14621364f9b2e3b3a,0.0,zero,00_08,00_13,medium,72,29.97,False,zero,232,161,0,offset,c0cf74af457f748bf2d8f509,2908,160906_band4,train,0,72,Q3,6.241352
one_control,1.0,4bf14621364f9b2e3b3a,0.25,positive,00_08,00_13,medium,71,29.97,False,near_zero,232,161,0,offset,cb7a47617451b06cc0e7224f,2908,160906_band4,train,0,71,Q3,6.241352
one_control,1.0,4bf14621364f9b2e3b3a,2.0,positive,00_08,00_13,medium,70,29.97,False,small_medium,232,161,0,offset,7d104b689d9ff43ac21accd7,2908,160906_band4,train,0,70,Q3,6.241352
one_control,1.0,4bf14621364f9b2e3b3a,7.5,positive,00_08,00_13,medium,64,29.97,False,near_boundary,232,161,0,offset,88ab06ba668a95d9b303896e,2908,160906_band4,train,0,64,Q3,6.241352
below_one,0.96,4bf14621364f9b2e3b3a,-2.0,negative,00_08,00_13,medium,69,29.97,False,small_medium,232,161,0,affine,f4aad6c68d53bff6a9ccf8d5,2908,160906_band4,train,3,72,Q3,6.241352
below_one,0.96,4bf14621364f9b2e3b3a,0.0,zero,00_08,00_13,medium,72,29.97,False,zero,232,161,0,affine,ddf0732bf5c46b7d529f8863,2908,160906_band4,train,0,72,Q3,6.241352
below_one,0.96,4bf14621364f9b2e3b3a,2.0,positive,00_08,00_13,medium,72,29.97,False,small_medium,232,161,0,affine,b9c7cb3e1d222d109e644a11,2908,160906_band4,train,0,72,Q3,6.241352
one_control,1.0,4bf14621364f9b2e3b3a,-2.0,negative,00_08,00_13,medium,70,29.97,False,small_medium,232,161,0,affine,d9abbad7d0b85b303a1e5f95,2908,160906_band4,train,2,72,Q3,6.241352
one_control,1.0,4bf14621364f9b2e3b3a,0.0,zero,00_08,00_13,medium,72,29.97,False,zero,232,161,0,affine,18cca092ebc28072aea9d320,2908,160906_band4,train,0,72,Q3,6.241352
one_control,1.0,4bf14621364f9b2e3b3a,2.0,positive,00_08,00_13,medium,70,29.97,False,small_medium,232,161,0,affine,0843975b8e583b59b2f17152,2908,160906_band4,train,0,70,Q3,6.241352
above_one,1.04,4bf14621364f9b2e3b3a,-2.0,negative,00_08,00_13,medium,69,29.97,False,small_medium,232,161,0,affine,0a8f535f8f57c140dec386bd,2908,160906_band4,train,2,71,Q3,6.241352
above_one,1.04,4bf14621364f9b2e3b3a,0.0,zero,00_08,00_13,medium,69,29.97,False,zero,232,161,0,affine,ab7891b117f295b675ec76f9,2908,160906_band4,train,0,69,Q3,6.241352
above_one,1.04,4bf14621364f9b2e3b3a,2.0,positive,00_08,00_13,medium,67,29.97,False,small_medium,232,161,0,affine,24d1a2fdc923579fb67e614d,2908,160906_band4,train,0,67,Q3,6.241352
one_control,1.0,4bf14621364f9b2e3b3a,-7.5,negative,00_09,00_25,wide,64,29.97,False,near_boundary,232,161,0,offset,57c90db9b10789688fd64be5,2908,160906_band4,train,8,72,Q3,6.241352
one_control,1.0,4bf14621364f9b2e3b3a,-3.0,negative,00_09,00_25,wide,69,29.97,False,small_medium,232,161,0,offset,883f6dc6220097ea550085d5,2908,160906_band4,train,3,72,Q3,6.241352
one_control,1.0,4bf14621364f9b2e3b3a,-0.5,negative,00_09,00_25,wide,71,29.97,False,near_zero,232,161,0,offset,20edd16eb84eb63c86c9bc7e,2908,160906_band4,train,1,72,Q3,6.241352
one_control,1.0,4bf14621364f9b2e3b3a,0.0,zero,00_09,00_25,wide,72,29.97,False,zero,232,161,0,offset,e3ce6b6dda7a9ee925a3d097,2908,160906_band4,train,0,72,Q3,6.241352
one_control,1.0,4bf14621364f9b2e3b3a,0.25,positive,00_09,00_25,wide,71,29.97,False,near_zero,232,161,0,offset,13776169c5caaa063c0009af,2908,160906_band4,train,0,71,Q3,6.241352
one_control,1.0,4bf14621364f9b2e3b3a,2.0,positive,00_09,00_25,wide,70,29.97,False,small_medium,232,161,0,offset,fe1f291366d4e2fb7f243efb,2908,160906_band4,train,0,70,Q3,6.241352
one_control,1.0,4bf14621364f9b2e3b3a,7.5,positive,00_09,00_25,wide,64,29.97,False,near_boundary,232,161,0,offset,c6e7b281b16cb6bc5ea545f3,2908,160906_band4,train,0,64,Q3,6.241352
below_one,0.96,4bf14621364f9b2e3b3a,-2.0,negative,00_09,00_25,wide,69,29.97,False,small_medium,232,161,0,affine,59e632917ef67d2e28db334c,2908,160906_band4,train,3,72,Q3,6.241352
below_one,0.96,4bf14621364f9b2e3b3a,0.0,zero,00_09,00_25,wide,72,29.97,False,zero,232,161,0,affine,efd69c16dd3a167863d83bcf,2908,160906_band4,train,0,72,Q3,6.241352
below_one,0.96,4bf14621364f9b2e3b3a,2.0,positive,00_09,00_25,wide,72,29.97,False,small_medium,232,161,0,affine,843f0f0846c0b9017b25f8fa,2908,160906_band4,train,0,72,Q3,6.241352
one_control,1.0,4bf14621364f9b2e3b3a,-2.0,negative,00_09,00_25,wide,70,29.97,False,small_medium,232,161,0,affine,fd853cd7b72185aae9bdd031,2908,160906_band4,train,2,72,Q3,6.241352
one_control,1.0,4bf14621364f9b2e3b3a,0.0,zero,00_09,00_25,wide,72,29.97,False,zero,232,161,0,affine,955c0cb48bcb53f26a5276d7,2908,160906_band4,train,0,72,Q3,6.241352
one_control,1.0,4bf14621364f9b2e3b3a,2.0,positive,00_09,00_25,wide,70,29.97,False,small_medium,232,161,0,affine,2b411480d27beb6f0ca5b09e,2908,160906_band4,train,0,70,Q3,6.241352
above_one,1.04,4bf14621364f9b2e3b3a,-2.0,negative,00_09,00_25,wide,69,29.97,False,small_medium,232,161,0,affine,3f7c9f72fef60c9f0dac4bf7,2908,160906_band4,train,2,71,Q3,6.241352
above_one,1.04,4bf14621364f9b2e3b3a,0.0,zero,00_09,00_25,wide,69,29.97,False,zero,232,161,0,affine,d16a6125317553f114bf2858,2908,160906_band4,train,0,69,Q3,6.241352
above_one,1.04,4bf14621364f9b2e3b3a,2.0,positive,00_09,00_25,wide,67,29.97,False,small_medium,232,161,0,affine,66bdafb30fa1ddd3cce2858e,2908,160906_band4,train,0,67,Q3,6.241352
one_control,1.0,52c8ad6a9cc1d8debda5,-7.5,negative,00_24,00_26,small,64,29.97,False,near_boundary,239,168,0,offset,fb9d143085cf7fa5b34f30a7,2908,160906_band1,train,8,72,Q4,9.772013
one_control,1.0,52c8ad6a9cc1d8debda5,-3.0,negative,00_24,00_26,small,69,29.97,False,small_medium,239,168,0,offset,2fbdc81309aa500df1ba294e,2908,160906_band1,train,3,72,Q4,9.772013
one_control,1.0,52c8ad6a9cc1d8debda5,-0.5,negative,00_24,00_26,small,71,29.97,False,near_zero,239,168,0,offset,0bff9b9d8f617b058526cbe7,2908,160906_band1,train,1,72,Q4,9.772013
one_control,1.0,52c8ad6a9cc1d8debda5,0.0,zero,00_24,00_26,small,72,29.97,False,zero,239,168,0,offset,b4b869b647c0a7e105c39387,2908,160906_band1,train,0,72,Q4,9.772013
one_control,1.0,52c8ad6a9cc1d8debda5,0.25,positive,00_24,00_26,small,71,29.97,False,near_zero,239,168,0,offset,b1b240569414530bed785162,2908,160906_band1,train,0,71,Q4,9.772013
one_control,1.0,52c8ad6a9cc1d8debda5,2.0,positive,00_24,00_26,small,70,29.97,False,small_medium,239,168,0,offset,991c6b09bfcdf00699ed6b1d,2908,160906_band1,train,0,70,Q4,9.772013
one_control,1.0,52c8ad6a9cc1d8debda5,7.5,positive,00_24,00_26,small,64,29.97,False,near_boundary,239,168,0,offset,b00edbe5474afc72b8a4eea8,2908,160906_band1,train,0,64,Q4,9.772013
below_one,0.96,52c8ad6a9cc1d8debda5,-2.0,negative,00_24,00_26,small,69,29.97,False,small_medium,239,168,0,affine,2477e1b6ec93059973fe012b,2908,160906_band1,train,3,72,Q4,9.772013
below_one,0.96,52c8ad6a9cc1d8debda5,0.0,zero,00_24,00_26,small,72,29.97,False,zero,239,168,0,affine,33576318289faecdb43a7d5c,2908,160906_band1,train,0,72,Q4,9.772013
below_one,0.96,52c8ad6a9cc1d8debda5,2.0,positive,00_24,00_26,small,72,29.97,False,small_medium,239,168,0,affine,fd6732a0106dd50e6dbea80e,2908,160906_band1,train,0,72,Q4,9.772013
one_control,1.0,52c8ad6a9cc1d8debda5,-2.0,negative,00_24,00_26,small,70,29.97,False,small_medium,239,168,0,affine,aeb9bcd8744acddb022ddd4a,2908,160906_band1,train,2,72,Q4,9.772013
one_control,1.0,52c8ad6a9cc1d8debda5,0.0,zero,00_24,00_26,small,72,29.97,False,zero,239,168,0,affine,7a8dfabfe03fb646b4c38cdd,2908,160906_band1,train,0,72,Q4,9.772013
one_control,1.0,52c8ad6a9cc1d8debda5,2.0,positive,00_24,00_26,small,70,29.97,False,small_medium,239,168,0,affine,9b40595b11164d3ef167a166,2908,160906_band1,train,0,70,Q4,9.772013
above_one,1.04,52c8ad6a9cc1d8debda5,-2.0,negative,00_24,00_26,small,69,29.97,False,small_medium,239,168,0,affine,8f4a457929989dbbf617ba2c,2908,160906_band1,train,2,71,Q4,9.772013
above_one,1.04,52c8ad6a9cc1d8debda5,0.0,zero,00_24,00_26,small,69,29.97,False,zero,239,168,0,affine,4a81a25579a8cfe5d0d9b812,2908,160906_band1,train,0,69,Q4,9.772013
above_one,1.04,52c8ad6a9cc1d8debda5,2.0,positive,00_24,00_26,small,67,29.97,False,small_medium,239,168,0,affine,e7c7b5aebeab98cc8bde6176,2908,160906_band1,train,0,67,Q4,9.772013
one_control,1.0,52c8ad6a9cc1d8debda5,-7.5,negative,00_11,00_23,medium,64,29.97,False,near_boundary,239,168,0,offset,dce5a0d893d08be6e9e6a48a,2908,160906_band1,train,8,72,Q4,9.772013
one_control,1.0,52c8ad6a9cc1d8debda5,-3.0,negative,00_11,00_23,medium,69,29.97,False,small_medium,239,168,0,offset,0c51a2e3b5a13c3a75d759b2,2908,160906_band1,train,3,72,Q4,9.772013
one_control,1.0,52c8ad6a9cc1d8debda5,-0.5,negative,00_11,00_23,medium,71,29.97,False,near_zero,239,168,0,offset,2afd6b98870771eb497f0407,2908,160906_band1,train,1,72,Q4,9.772013
one_control,1.0,52c8ad6a9cc1d8debda5,0.0,zero,00_11,00_23,medium,72,29.97,False,zero,239,168,0,offset,fbeec7b3d053f47132a6a1d8,2908,160906_band1,train,0,72,Q4,9.772013
one_control,1.0,52c8ad6a9cc1d8debda5,0.25,positive,00_11,00_23,medium,71,29.97,False,near_zero,239,168,0,offset,e3d298e5b662544fa6b6ceae,2908,160906_band1,train,0,71,Q4,9.772013
one_control,1.0,52c8ad6a9cc1d8debda5,2.0,positive,00_11,00_23,medium,70,29.97,False,small_medium,239,168,0,offset,df13a15c284788b10a58cf3a,2908,160906_band1,train,0,70,Q4,9.772013
one_control,1.0,52c8ad6a9cc1d8debda5,7.5,positive,00_11,00_23,medium,64,29.97,False,near_boundary,239,168,0,offset,7b81423ccc070ab13c149adb,2908,160906_band1,train,0,64,Q4,9.772013
below_one,0.96,52c8ad6a9cc1d8debda5,-2.0,negative,00_11,00_23,medium,69,29.97,False,small_medium,239,168,0,affine,23a6a937e2a2374e82d0057e,2908,160906_band1,train,3,72,Q4,9.772013
below_one,0.96,52c8ad6a9cc1d8debda5,0.0,zero,00_11,00_23,medium,72,29.97,False,zero,239,168,0,affine,d732c28ca20a51b0e6ebc550,2908,160906_band1,train,0,72,Q4,9.772013
below_one,0.96,52c8ad6a9cc1d8debda5,2.0,positive,00_11,00_23,medium,72,29.97,False,small_medium,239,168,0,affine,d08ec5def570c8ce4f7120c2,2908,160906_band1,train,0,72,Q4,9.772013
one_control,1.0,52c8ad6a9cc1d8debda5,-2.0,negative,00_11,00_23,medium,70,29.97,False,small_medium,239,168,0,affine,ed4ec1ca12c35c042d885c1c,2908,160906_band1,train,2,72,Q4,9.772013
one_control,1.0,52c8ad6a9cc1d8debda5,0.0,zero,00_11,00_23,medium,72,29.97,False,zero,239,168,0,affine,3a605c7d0c3fa661add72a83,2908,160906_band1,train,0,72,Q4,9.772013
one_control,1.0,52c8ad6a9cc1d8debda5,2.0,positive,00_11,00_23,medium,70,29.97,False,small_medium,239,168,0,affine,23ae61e1589c16ca790b2d3a,2908,160906_band1,train,0,70,Q4,9.772013
above_one,1.04,52c8ad6a9cc1d8debda5,-2.0,negative,00_11,00_23,medium,69,29.97,False,small_medium,239,168,0,affine,c17f21291fac71fba5c32920,2908,160906_band1,train,2,71,Q4,9.772013
above_one,1.04,52c8ad6a9cc1d8debda5,0.0,zero,00_11,00_23,medium,69,29.97,False,zero,239,168,0,affine,dbe10a4b9fc9f2d66171d05d,2908,160906_band1,train,0,69,Q4,9.772013
above_one,1.04,52c8ad6a9cc1d8debda5,2.0,positive,00_11,00_23,medium,67,29.97,False,small_medium,239,168,0,affine,613635c7eceb2fe9545c4065,2908,160906_band1,train,0,67,Q4,9.772013
one_control,1.0,52c8ad6a9cc1d8debda5,-7.5,negative,00_21,00_30,wide,64,29.97,False,near_boundary,239,168,0,offset,67e21f711b6cc2420af82525,2908,160906_band1,train,8,72,Q4,9.772013
one_control,1.0,52c8ad6a9cc1d8debda5,-3.0,negative,00_21,00_30,wide,69,29.97,False,small_medium,239,168,0,offset,66ad566cd48b12972db3505a,2908,160906_band1,train,3,72,Q4,9.772013
one_control,1.0,52c8ad6a9cc1d8debda5,-0.5,negative,00_21,00_30,wide,71,29.97,False,near_zero,239,168,0,offset,8a52907bc321ccc6f993efe3,2908,160906_band1,train,1,72,Q4,9.772013
one_control,1.0,52c8ad6a9cc1d8debda5,0.0,zero,00_21,00_30,wide,72,29.97,False,zero,239,168,0,offset,c9f2ffe76a70ccbf2b5991e4,2908,160906_band1,train,0,72,Q4,9.772013
one_control,1.0,52c8ad6a9cc1d8debda5,0.25,positive,00_21,00_30,wide,71,29.97,False,near_zero,239,168,0,offset,46bd07c5e61bbd255b71f913,2908,160906_band1,train,0,71,Q4,9.772013
one_control,1.0,52c8ad6a9cc1d8debda5,2.0,positive,00_21,00_30,wide,70,29.97,False,small_medium,239,168,0,offset,f8bbdbd82278c6096afb6a02,2908,160906_band1,train,0,70,Q4,9.772013
one_control,1.0,52c8ad6a9cc1d8debda5,7.5,positive,00_21,00_30,wide,64,29.97,False,near_boundary,239,168,0,offset,10f5b7260dd6a174190f1dd0,2908,160906_band1,train,0,64,Q4,9.772013
below_one,0.96,52c8ad6a9cc1d8debda5,-2.0,negative,00_21,00_30,wide,69,29.97,False,small_medium,239,168,0,affine,b86ebe74d2fcf7a6d2b760d4,2908,160906_band1,train,3,72,Q4,9.772013
below_one,0.96,52c8ad6a9cc1d8debda5,0.0,zero,00_21,00_30,wide,72,29.97,False,zero,239,168,0,affine,284f418227bac35c4b068667,2908,160906_band1,train,0,72,Q4,9.772013
below_one,0.96,52c8ad6a9cc1d8debda5,2.0,positive,00_21,00_30,wide,72,29.97,False,small_medium,239,168,0,affine,376a87e79dabdffc7d38bef0,2908,160906_band1,train,0,72,Q4,9.772013
one_control,1.0,52c8ad6a9cc1d8debda5,-2.0,negative,00_21,00_30,wide,70,29.97,False,small_medium,239,168,0,affine,5805ced4a869c4a9c3ddd5eb,2908,160906_band1,train,2,72,Q4,9.772013
one_control,1.0,52c8ad6a9cc1d8debda5,0.0,zero,00_21,00_30,wide,72,29.97,False,zero,239,168,0,affine,fd708c9e6018d201556f8576,2908,160906_band1,train,0,72,Q4,9.772013
one_control,1.0,52c8ad6a9cc1d8debda5,2.0,positive,00_21,00_30,wide,70,29.97,False,small_medium,239,168,0,affine,687c6f612de26283b249bcae,2908,160906_band1,train,0,70,Q4,9.772013
above_one,1.04,52c8ad6a9cc1d8debda5,-2.0,negative,00_21,00_30,wide,69,29.97,False,small_medium,239,168,0,affine,9fc4094619bae92e7a2b93cb,2908,160906_band1,train,2,71,Q4,9.772013
above_one,1.04,52c8ad6a9cc1d8debda5,0.0,zero,00_21,00_30,wide,69,29.97,False,zero,239,168,0,affine,093efbf1b5f6bd1a4db1bf58,2908,160906_band1,train,0,69,Q4,9.772013
above_one,1.04,52c8ad6a9cc1d8debda5,2.0,positive,00_21,00_30,wide,67,29.97,False,small_medium,239,168,0,affine,f7333e85cc616e884b22eaac,2908,160906_band1,train,0,67,Q4,9.772013
one_control,1.0,5d46b6665b836385740e,-7.5,negative,00_24,00_26,small,64,29.97,False,near_boundary,599,528,0,offset,147bf116c5bd95d35f382e8c,2908,160906_band1,train,8,72,Q4,26.081671
one_control,1.0,5d46b6665b836385740e,-3.0,negative,00_24,00_26,small,69,29.97,False,small_medium,599,528,0,offset,8ece00990fe7673ec77baefb,2908,160906_band1,train,3,72,Q4,26.081671
one_control,1.0,5d46b6665b836385740e,-0.5,negative,00_24,00_26,small,71,29.97,False,near_zero,599,528,0,offset,46275d957759444b1f2b2ee7,2908,160906_band1,train,1,72,Q4,26.081671
one_control,1.0,5d46b6665b836385740e,0.0,zero,00_24,00_26,small,72,29.97,False,zero,599,528,0,offset,f477ccf4458a584035e095e5,2908,160906_band1,train,0,72,Q4,26.081671
one_control,1.0,5d46b6665b836385740e,0.25,positive,00_24,00_26,small,71,29.97,False,near_zero,599,528,0,offset,01e4125dfad03c618dda2ad5,2908,160906_band1,train,0,71,Q4,26.081671
one_control,1.0,5d46b6665b836385740e,2.0,positive,00_24,00_26,small,70,29.97,False,small_medium,599,528,0,offset,f5129e1365252d5ad9621121,2908,160906_band1,train,0,70,Q4,26.081671
one_control,1.0,5d46b6665b836385740e,7.5,positive,00_24,00_26,small,64,29.97,False,near_boundary,599,528,0,offset,f4404fd9ce712e979e83177b,2908,160906_band1,train,0,64,Q4,26.081671
below_one,0.96,5d46b6665b836385740e,-2.0,negative,00_24,00_26,small,69,29.97,False,small_medium,599,528,0,affine,291c08934df1a302f2b3bd5c,2908,160906_band1,train,3,72,Q4,26.081671
below_one,0.96,5d46b6665b836385740e,0.0,zero,00_24,00_26,small,72,29.97,False,zero,599,528,0,affine,60b8a28a72e11a07a71799d8,2908,160906_band1,train,0,72,Q4,26.081671
below_one,0.96,5d46b6665b836385740e,2.0,positive,00_24,00_26,small,72,29.97,False,small_medium,599,528,0,affine,4c2e47458f926d749acb925d,2908,160906_band1,train,0,72,Q4,26.081671
one_control,1.0,5d46b6665b836385740e,-2.0,negative,00_24,00_26,small,70,29.97,False,small_medium,599,528,0,affine,c83b78e3dffa8841ad66d6ac,2908,160906_band1,train,2,72,Q4,26.081671
one_control,1.0,5d46b6665b836385740e,0.0,zero,00_24,00_26,small,72,29.97,False,zero,599,528,0,affine,03b00cfd31b0a6e22cd6197a,2908,160906_band1,train,0,72,Q4,26.081671
one_control,1.0,5d46b6665b836385740e,2.0,positive,00_24,00_26,small,70,29.97,False,small_medium,599,528,0,affine,28d761eea75d30131e546064,2908,160906_band1,train,0,70,Q4,26.081671
above_one,1.04,5d46b6665b836385740e,-2.0,negative,00_24,00_26,small,69,29.97,False,small_medium,599,528,0,affine,a0b0cb99fc78d360e2a33aba,2908,160906_band1,train,2,71,Q4,26.081671
above_one,1.04,5d46b6665b836385740e,0.0,zero,00_24,00_26,small,69,29.97,False,zero,599,528,0,affine,f6a61096f33b1a6f25f81582,2908,160906_band1,train,0,69,Q4,26.081671
above_one,1.04,5d46b6665b836385740e,2.0,positive,00_24,00_26,small,67,29.97,False,small_medium,599,528,0,affine,d0495e9dc485dcff6c9514c7,2908,160906_band1,train,0,67,Q4,26.081671
one_control,1.0,5d46b6665b836385740e,-7.5,negative,00_11,00_23,medium,64,29.97,False,near_boundary,599,528,0,offset,8fbc8073cac36545abf7863c,2908,160906_band1,train,8,72,Q4,26.081671
one_control,1.0,5d46b6665b836385740e,-3.0,negative,00_11,00_23,medium,69,29.97,False,small_medium,599,528,0,offset,b51242a9bdc648e2c585b92d,2908,160906_band1,train,3,72,Q4,26.081671
one_control,1.0,5d46b6665b836385740e,-0.5,negative,00_11,00_23,medium,71,29.97,False,near_zero,599,528,0,offset,1878ae476b1e7e56c032553a,2908,160906_band1,train,1,72,Q4,26.081671
one_control,1.0,5d46b6665b836385740e,0.0,zero,00_11,00_23,medium,72,29.97,False,zero,599,528,0,offset,1a358243a42f03851eddf38d,2908,160906_band1,train,0,72,Q4,26.081671
one_control,1.0,5d46b6665b836385740e,0.25,positive,00_11,00_23,medium,71,29.97,False,near_zero,599,528,0,offset,9c050a656b79a0edba4ad26f,2908,160906_band1,train,0,71,Q4,26.081671
one_control,1.0,5d46b6665b836385740e,2.0,positive,00_11,00_23,medium,70,29.97,False,small_medium,599,528,0,offset,79bb041615a635a007c85e58,2908,160906_band1,train,0,70,Q4,26.081671
one_control,1.0,5d46b6665b836385740e,7.5,positive,00_11,00_23,medium,64,29.97,False,near_boundary,599,528,0,offset,7342447f24bd609b7a80e1df,2908,160906_band1,train,0,64,Q4,26.081671
below_one,0.96,5d46b6665b836385740e,-2.0,negative,00_11,00_23,medium,69,29.97,False,small_medium,599,528,0,affine,d03b61c6eb60dc8a0756a56a,2908,160906_band1,train,3,72,Q4,26.081671
below_one,0.96,5d46b6665b836385740e,0.0,zero,00_11,00_23,medium,72,29.97,False,zero,599,528,0,affine,766977fcbce3e8c38f81d59b,2908,160906_band1,train,0,72,Q4,26.081671
below_one,0.96,5d46b6665b836385740e,2.0,positive,00_11,00_23,medium,72,29.97,False,small_medium,599,528,0,affine,00c5a9d11385c16e067c3d9a,2908,160906_band1,train,0,72,Q4,26.081671
one_control,1.0,5d46b6665b836385740e,-2.0,negative,00_11,00_23,medium,70,29.97,False,small_medium,599,528,0,affine,55e176d11e1c05178a1aba97,2908,160906_band1,train,2,72,Q4,26.081671
one_control,1.0,5d46b6665b836385740e,0.0,zero,00_11,00_23,medium,72,29.97,False,zero,599,528,0,affine,0c388867f00d7f1ae96917ee,2908,160906_band1,train,0,72,Q4,26.081671
one_control,1.0,5d46b6665b836385740e,2.0,positive,00_11,00_23,medium,70,29.97,False,small_medium,599,528,0,affine,d6f4fe2fd2d62778bfb7d718,2908,160906_band1,train,0,70,Q4,26.081671
above_one,1.04,5d46b6665b836385740e,-2.0,negative,00_11,00_23,medium,69,29.97,False,small_medium,599,528,0,affine,d0be1485b90ee99ae2894396,2908,160906_band1,train,2,71,Q4,26.081671
above_one,1.04,5d46b6665b836385740e,0.0,zero,00_11,00_23,medium,69,29.97,False,zero,599,528,0,affine,891c7deba7854ce13696364c,2908,160906_band1,train,0,69,Q4,26.081671
above_one,1.04,5d46b6665b836385740e,2.0,positive,00_11,00_23,medium,67,29.97,False,small_medium,599,528,0,affine,520df0d03fbc996993f17bcf,2908,160906_band1,train,0,67,Q4,26.081671
one_control,1.0,5d46b6665b836385740e,-7.5,negative,00_21,00_30,wide,64,29.97,False,near_boundary,599,528,0,offset,724b326cc90a4636cf517130,2908,160906_band1,train,8,72,Q4,26.081671
one_control,1.0,5d46b6665b836385740e,-3.0,negative,00_21,00_30,wide,69,29.97,False,small_medium,599,528,0,offset,55f76083819696ee9e13ef7a,2908,160906_band1,train,3,72,Q4,26.081671
one_control,1.0,5d46b6665b836385740e,-0.5,negative,00_21,00_30,wide,71,29.97,False,near_zero,599,528,0,offset,705645a8ff51471df80898bd,2908,160906_band1,train,1,72,Q4,26.081671
one_control,1.0,5d46b6665b836385740e,0.0,zero,00_21,00_30,wide,72,29.97,False,zero,599,528,0,offset,1cd0ede6d558bc4166d12c0d,2908,160906_band1,train,0,72,Q4,26.081671
one_control,1.0,5d46b6665b836385740e,0.25,positive,00_21,00_30,wide,71,29.97,False,near_zero,599,528,0,offset,9c206c971a30abe6bb371a96,2908,160906_band1,train,0,71,Q4,26.081671
one_control,1.0,5d46b6665b836385740e,2.0,positive,00_21,00_30,wide,70,29.97,False,small_medium,599,528,0,offset,6d9f6c435192133267e02551,2908,160906_band1,train,0,70,Q4,26.081671
one_control,1.0,5d46b6665b836385740e,7.5,positive,00_21,00_30,wide,64,29.97,False,near_boundary,599,528,0,offset,48e9c0baa7a7c4c473087eba,2908,160906_band1,train,0,64,Q4,26.081671
below_one,0.96,5d46b6665b836385740e,-2.0,negative,00_21,00_30,wide,69,29.97,False,small_medium,599,528,0,affine,f26e16b0bbf4f08a4e26533d,2908,160906_band1,train,3,72,Q4,26.081671
below_one,0.96,5d46b6665b836385740e,0.0,zero,00_21,00_30,wide,72,29.97,False,zero,599,528,0,affine,aa4e20c4b0ad7343861ba239,2908,160906_band1,train,0,72,Q4,26.081671
below_one,0.96,5d46b6665b836385740e,2.0,positive,00_21,00_30,wide,72,29.97,False,small_medium,599,528,0,affine,4d24b266d32434f3f1412bbc,2908,160906_band1,train,0,72,Q4,26.081671
one_control,1.0,5d46b6665b836385740e,-2.0,negative,00_21,00_30,wide,70,29.97,False,small_medium,599,528,0,affine,508aecdd539a94c0f0fd773f,2908,160906_band1,train,2,72,Q4,26.081671
one_control,1.0,5d46b6665b836385740e,0.0,zero,00_21,00_30,wide,72,29.97,False,zero,599,528,0,affine,1f87c64a1b281234682a397c,2908,160906_band1,train,0,72,Q4,26.081671
one_control,1.0,5d46b6665b836385740e,2.0,positive,00_21,00_30,wide,70,29.97,False,small_medium,599,528,0,affine,cb2f00738c1f6a08584d21f6,2908,160906_band1,train,0,70,Q4,26.081671
above_one,1.04,5d46b6665b836385740e,-2.0,negative,00_21,00_30,wide,69,29.97,False,small_medium,599,528,0,affine,d7cf385f6d0a84695fc1ac7c,2908,160906_band1,train,2,71,Q4,26.081671
above_one,1.04,5d46b6665b836385740e,0.0,zero,00_21,00_30,wide,69,29.97,False,zero,599,528,0,affine,ebf0c69ca37f28932b7c9bc8,2908,160906_band1,train,0,69,Q4,26.081671
above_one,1.04,5d46b6665b836385740e,2.0,positive,00_21,00_30,wide,67,29.97,False,small_medium,599,528,0,affine,668de0829651cf4d31aa0275,2908,160906_band1,train,0,67,Q4,26.081671
one_control,1.0,6663e5b7a61d7b9ca7d8,-7.5,negative,00_01,00_19,small,64,29.97,False,near_boundary,6357,6286,10,offset,13ab5454e1a836309f7d0c32,2908,160226_haggling1,test,8,72,Q2,5.109111
one_control,1.0,6663e5b7a61d7b9ca7d8,-3.0,negative,00_01,00_19,small,69,29.97,False,small_medium,6357,6286,10,offset,a5be9b7a14ad4f3567169d95,2908,160226_haggling1,test,3,72,Q2,5.109111
one_control,1.0,6663e5b7a61d7b9ca7d8,-0.5,negative,00_01,00_19,small,71,29.97,False,near_zero,6357,6286,10,offset,6b91be5e275661bcde366241,2908,160226_haggling1,test,1,72,Q2,5.109111
one_control,1.0,6663e5b7a61d7b9ca7d8,0.0,zero,00_01,00_19,small,72,29.97,False,zero,6357,6286,10,offset,00c7970e2353874b9c794586,2908,160226_haggling1,test,0,72,Q2,5.109111
one_control,1.0,6663e5b7a61d7b9ca7d8,0.25,positive,00_01,00_19,small,71,29.97,False,near_zero,6357,6286,10,offset,4217b9ae4a7184ce546af21a,2908,160226_haggling1,test,0,71,Q2,5.109111
one_control,1.0,6663e5b7a61d7b9ca7d8,2.0,positive,00_01,00_19,small,70,29.97,False,small_medium,6357,6286,10,offset,ca87a40cab47938007731e14,2908,160226_haggling1,test,0,70,Q2,5.109111
one_control,1.0,6663e5b7a61d7b9ca7d8,7.5,positive,00_01,00_19,small,64,29.97,False,near_boundary,6357,6286,10,offset,fd76e8d754cde5b435d3e039,2908,160226_haggling1,test,0,64,Q2,5.109111
below_one,0.96,6663e5b7a61d7b9ca7d8,-2.0,negative,00_01,00_19,small,69,29.97,False,small_medium,6357,6286,10,affine,7bfb049a287b44899e9764c9,2908,160226_haggling1,test,3,72,Q2,5.109111
below_one,0.96,6663e5b7a61d7b9ca7d8,0.0,zero,00_01,00_19,small,72,29.97,False,zero,6357,6286,10,affine,965da0074d16b3cd83b833da,2908,160226_haggling1,test,0,72,Q2,5.109111
below_one,0.96,6663e5b7a61d7b9ca7d8,2.0,positive,00_01,00_19,small,72,29.97,False,small_medium,6357,6286,10,affine,00e26f461560f349648023da,2908,160226_haggling1,test,0,72,Q2,5.109111
one_control,1.0,6663e5b7a61d7b9ca7d8,-2.0,negative,00_01,00_19,small,70,29.97,False,small_medium,6357,6286,10,affine,e5aec5c66def2fdb0791e41f,2908,160226_haggling1,test,2,72,Q2,5.109111
one_control,1.0,6663e5b7a61d7b9ca7d8,0.0,zero,00_01,00_19,small,72,29.97,False,zero,6357,6286,10,affine,34b3964ac9d98667f18a00fd,2908,160226_haggling1,test,0,72,Q2,5.109111
one_control,1.0,6663e5b7a61d7b9ca7d8,2.0,positive,00_01,00_19,small,70,29.97,False,small_medium,6357,6286,10,affine,36358c0dd33fa980ab72cf6c,2908,160226_haggling1,test,0,70,Q2,5.109111
above_one,1.04,6663e5b7a61d7b9ca7d8,-2.0,negative,00_01,00_19,small,69,29.97,False,small_medium,6357,6286,10,affine,5b39b333d31011a2b796099a,2908,160226_haggling1,test,2,71,Q2,5.109111
above_one,1.04,6663e5b7a61d7b9ca7d8,0.0,zero,00_01,00_19,small,69,29.97,False,zero,6357,6286,10,affine,496956327140a179f529c84e,2908,160226_haggling1,test,0,69,Q2,5.109111
above_one,1.04,6663e5b7a61d7b9ca7d8,2.0,positive,00_01,00_19,small,67,29.97,False,small_medium,6357,6286,10,affine,e845197f93ca1dd100d2a621,2908,160226_haggling1,test,0,67,Q2,5.109111
one_control,1.0,6663e5b7a61d7b9ca7d8,-7.5,negative,00_04,00_13,medium,64,29.97,False,near_boundary,6357,6286,10,offset,d652ea4440eea3c6c723d25b,2908,160226_haggling1,test,8,72,Q2,5.109111
one_control,1.0,6663e5b7a61d7b9ca7d8,-3.0,negative,00_04,00_13,medium,69,29.97,False,small_medium,6357,6286,10,offset,a634c108efe24b2b36aa1c2c,2908,160226_haggling1,test,3,72,Q2,5.109111
one_control,1.0,6663e5b7a61d7b9ca7d8,-0.5,negative,00_04,00_13,medium,71,29.97,False,near_zero,6357,6286,10,offset,362c1d2e68ab4224947f0a01,2908,160226_haggling1,test,1,72,Q2,5.109111
one_control,1.0,6663e5b7a61d7b9ca7d8,0.0,zero,00_04,00_13,medium,72,29.97,False,zero,6357,6286,10,offset,1c824b6b6dfb97b35bbcc4f7,2908,160226_haggling1,test,0,72,Q2,5.109111
one_control,1.0,6663e5b7a61d7b9ca7d8,0.25,positive,00_04,00_13,medium,71,29.97,False,near_zero,6357,6286,10,offset,920da7cc105bcbff5c4c0296,2908,160226_haggling1,test,0,71,Q2,5.109111
one_control,1.0,6663e5b7a61d7b9ca7d8,2.0,positive,00_04,00_13,medium,70,29.97,False,small_medium,6357,6286,10,offset,d43eae6b683cbc7b39349b35,2908,160226_haggling1,test,0,70,Q2,5.109111
one_control,1.0,6663e5b7a61d7b9ca7d8,7.5,positive,00_04,00_13,medium,64,29.97,False,near_boundary,6357,6286,10,offset,3317922c48e446119db68bd4,2908,160226_haggling1,test,0,64,Q2,5.109111
below_one,0.96,6663e5b7a61d7b9ca7d8,-2.0,negative,00_04,00_13,medium,69,29.97,False,small_medium,6357,6286,10,affine,492bc9cf4e1fa1b657873426,2908,160226_haggling1,test,3,72,Q2,5.109111
below_one,0.96,6663e5b7a61d7b9ca7d8,0.0,zero,00_04,00_13,medium,72,29.97,False,zero,6357,6286,10,affine,c85de5f82b6fe0e56218cd40,2908,160226_haggling1,test,0,72,Q2,5.109111
below_one,0.96,6663e5b7a61d7b9ca7d8,2.0,positive,00_04,00_13,medium,72,29.97,False,small_medium,6357,6286,10,affine,3dffaa7200e8fe9af7c6dc94,2908,160226_haggling1,test,0,72,Q2,5.109111
one_control,1.0,6663e5b7a61d7b9ca7d8,-2.0,negative,00_04,00_13,medium,70,29.97,False,small_medium,6357,6286,10,affine,d8691e729314a0dd7a83ef4a,2908,160226_haggling1,test,2,72,Q2,5.109111
one_control,1.0,6663e5b7a61d7b9ca7d8,0.0,zero,00_04,00_13,medium,72,29.97,False,zero,6357,6286,10,affine,f9c8d1036ebdbf790486f580,2908,160226_haggling1,test,0,72,Q2,5.109111
one_control,1.0,6663e5b7a61d7b9ca7d8,2.0,positive,00_04,00_13,medium,70,29.97,False,small_medium,6357,6286,10,affine,8442003170d53b86fea54345,2908,160226_haggling1,test,0,70,Q2,5.109111
above_one,1.04,6663e5b7a61d7b9ca7d8,-2.0,negative,00_04,00_13,medium,69,29.97,False,small_medium,6357,6286,10,affine,e1503b2365d07aeac3862416,2908,160226_haggling1,test,2,71,Q2,5.109111
above_one,1.04,6663e5b7a61d7b9ca7d8,0.0,zero,00_04,00_13,medium,69,29.97,False,zero,6357,6286,10,affine,ccf000cbc3450d3ecd995b77,2908,160226_haggling1,test,0,69,Q2,5.109111
above_one,1.04,6663e5b7a61d7b9ca7d8,2.0,positive,00_04,00_13,medium,67,29.97,False,small_medium,6357,6286,10,affine,df68b1133039d3b75cd0e1d7,2908,160226_haggling1,test,0,67,Q2,5.109111
one_control,1.0,6663e5b7a61d7b9ca7d8,-7.5,negative,00_26,00_30,wide,64,29.97,False,near_boundary,6357,6286,10,offset,9903800bdae99fa60d1a77f4,2908,160226_haggling1,test,8,72,Q2,5.109111
one_control,1.0,6663e5b7a61d7b9ca7d8,-3.0,negative,00_26,00_30,wide,69,29.97,False,small_medium,6357,6286,10,offset,6dcc492e55754d2ae26fb561,2908,160226_haggling1,test,3,72,Q2,5.109111
one_control,1.0,6663e5b7a61d7b9ca7d8,-0.5,negative,00_26,00_30,wide,71,29.97,False,near_zero,6357,6286,10,offset,8957fbe6829765e11361897d,2908,160226_haggling1,test,1,72,Q2,5.109111
one_control,1.0,6663e5b7a61d7b9ca7d8,0.0,zero,00_26,00_30,wide,72,29.97,False,zero,6357,6286,10,offset,6017283a52c3478f6d5e71a0,2908,160226_haggling1,test,0,72,Q2,5.109111
one_control,1.0,6663e5b7a61d7b9ca7d8,0.25,positive,00_26,00_30,wide,71,29.97,False,near_zero,6357,6286,10,offset,62a95c8978a743beaebe1854,2908,160226_haggling1,test,0,71,Q2,5.109111
one_control,1.0,6663e5b7a61d7b9ca7d8,2.0,positive,00_26,00_30,wide,70,29.97,False,small_medium,6357,6286,10,offset,a54f414eb911199b6492bf03,2908,160226_haggling1,test,0,70,Q2,5.109111
one_control,1.0,6663e5b7a61d7b9ca7d8,7.5,positive,00_26,00_30,wide,64,29.97,False,near_boundary,6357,6286,10,offset,cff9ad4bd1a4582302572981,2908,160226_haggling1,test,0,64,Q2,5.109111
below_one,0.96,6663e5b7a61d7b9ca7d8,-2.0,negative,00_26,00_30,wide,69,29.97,False,small_medium,6357,6286,10,affine,20d9c42b48f794db9b3b9c20,2908,160226_haggling1,test,3,72,Q2,5.109111
below_one,0.96,6663e5b7a61d7b9ca7d8,0.0,zero,00_26,00_30,wide,72,29.97,False,zero,6357,6286,10,affine,a9f2e9c6fff9d649e8e2c809,2908,160226_haggling1,test,0,72,Q2,5.109111
below_one,0.96,6663e5b7a61d7b9ca7d8,2.0,positive,00_26,00_30,wide,72,29.97,False,small_medium,6357,6286,10,affine,6906cb021f1740a45744a2b5,2908,160226_haggling1,test,0,72,Q2,5.109111
one_control,1.0,6663e5b7a61d7b9ca7d8,-2.0,negative,00_26,00_30,wide,70,29.97,False,small_medium,6357,6286,10,affine,d7ab5228f14518931a9b82fd,2908,160226_haggling1,test,2,72,Q2,5.109111
one_control,1.0,6663e5b7a61d7b9ca7d8,0.0,zero,00_26,00_30,wide,72,29.97,False,zero,6357,6286,10,affine,a2c8819f157e6789a8bf63b5,2908,160226_haggling1,test,0,72,Q2,5.109111
one_control,1.0,6663e5b7a61d7b9ca7d8,2.0,positive,00_26,00_30,wide,70,29.97,False,small_medium,6357,6286,10,affine,d69de15c4b286e82580f6044,2908,160226_haggling1,test,0,70,Q2,5.109111
above_one,1.04,6663e5b7a61d7b9ca7d8,-2.0,negative,00_26,00_30,wide,69,29.97,False,small_medium,6357,6286,10,affine,799c13664b175708675e8ddc,2908,160226_haggling1,test,2,71,Q2,5.109111
above_one,1.04,6663e5b7a61d7b9ca7d8,0.0,zero,00_26,00_30,wide,69,29.97,False,zero,6357,6286,10,affine,aba73f875fffcac3a3fc58d3,2908,160226_haggling1,test,0,69,Q2,5.109111
above_one,1.04,6663e5b7a61d7b9ca7d8,2.0,positive,00_26,00_30,wide,67,29.97,False,small_medium,6357,6286,10,affine,102da48e97b51990e91807f2,2908,160226_haggling1,test,0,67,Q2,5.109111
one_control,1.0,7aef3c5ac1081460f0cb,-7.5,negative,00_04,00_18,small,64,29.97,False,near_boundary,381,310,0,offset,cee23b099d15376344d200db,2908,160906_ian5,validation,8,72,Q1,1.464616
one_control,1.0,7aef3c5ac1081460f0cb,-3.0,negative,00_04,00_18,small,69,29.97,False,small_medium,381,310,0,offset,373ecb5b871f9ed482128fe8,2908,160906_ian5,validation,3,72,Q1,1.464616
one_control,1.0,7aef3c5ac1081460f0cb,-0.5,negative,00_04,00_18,small,71,29.97,False,near_zero,381,310,0,offset,07907b20999dc1967ea9a92a,2908,160906_ian5,validation,1,72,Q1,1.464616
one_control,1.0,7aef3c5ac1081460f0cb,0.0,zero,00_04,00_18,small,72,29.97,False,zero,381,310,0,offset,3ccc4c212ed599e5688bab70,2908,160906_ian5,validation,0,72,Q1,1.464616
one_control,1.0,7aef3c5ac1081460f0cb,0.25,positive,00_04,00_18,small,71,29.97,False,near_zero,381,310,0,offset,94da71d0d8281ab0d5d9f7c3,2908,160906_ian5,validation,0,71,Q1,1.464616
one_control,1.0,7aef3c5ac1081460f0cb,2.0,positive,00_04,00_18,small,70,29.97,False,small_medium,381,310,0,offset,48042c0380b24e23090f2230,2908,160906_ian5,validation,0,70,Q1,1.464616
one_control,1.0,7aef3c5ac1081460f0cb,7.5,positive,00_04,00_18,small,64,29.97,False,near_boundary,381,310,0,offset,1e3cbea230e01941d74b348e,2908,160906_ian5,validation,0,64,Q1,1.464616
below_one,0.96,7aef3c5ac1081460f0cb,-2.0,negative,00_04,00_18,small,69,29.97,False,small_medium,381,310,0,affine,2d2f538f421ef5a663ef0cf9,2908,160906_ian5,validation,3,72,Q1,1.464616
below_one,0.96,7aef3c5ac1081460f0cb,0.0,zero,00_04,00_18,small,72,29.97,False,zero,381,310,0,affine,d17be5e5041a46b2deb493d9,2908,160906_ian5,validation,0,72,Q1,1.464616
below_one,0.96,7aef3c5ac1081460f0cb,2.0,positive,00_04,00_18,small,72,29.97,False,small_medium,381,310,0,affine,cb87b1521442bec1c30bd202,2908,160906_ian5,validation,0,72,Q1,1.464616
one_control,1.0,7aef3c5ac1081460f0cb,-2.0,negative,00_04,00_18,small,70,29.97,False,small_medium,381,310,0,affine,05973163abfb4a9d70e73870,2908,160906_ian5,validation,2,72,Q1,1.464616
one_control,1.0,7aef3c5ac1081460f0cb,0.0,zero,00_04,00_18,small,72,29.97,False,zero,381,310,0,affine,34a32056fcae15c73ff19050,2908,160906_ian5,validation,0,72,Q1,1.464616
one_control,1.0,7aef3c5ac1081460f0cb,2.0,positive,00_04,00_18,small,70,29.97,False,small_medium,381,310,0,affine,a836f6027a78fb859716c301,2908,160906_ian5,validation,0,70,Q1,1.464616
above_one,1.04,7aef3c5ac1081460f0cb,-2.0,negative,00_04,00_18,small,69,29.97,False,small_medium,381,310,0,affine,afec41d5c6accabe3a90a50e,2908,160906_ian5,validation,2,71,Q1,1.464616
above_one,1.04,7aef3c5ac1081460f0cb,0.0,zero,00_04,00_18,small,69,29.97,False,zero,381,310,0,affine,172520fe97b2edd05d9bc931,2908,160906_ian5,validation,0,69,Q1,1.464616
above_one,1.04,7aef3c5ac1081460f0cb,2.0,positive,00_04,00_18,small,67,29.97,False,small_medium,381,310,0,affine,1ad7f613ff60b226d59681a5,2908,160906_ian5,validation,0,67,Q1,1.464616
one_control,1.0,7aef3c5ac1081460f0cb,-7.5,negative,00_08,00_13,medium,64,29.97,False,near_boundary,381,310,0,offset,b5a6eba276556d0c87325454,2908,160906_ian5,validation,8,72,Q1,1.464616
one_control,1.0,7aef3c5ac1081460f0cb,-3.0,negative,00_08,00_13,medium,69,29.97,False,small_medium,381,310,0,offset,32fad46f5c9850b4dab9b01e,2908,160906_ian5,validation,3,72,Q1,1.464616
one_control,1.0,7aef3c5ac1081460f0cb,-0.5,negative,00_08,00_13,medium,71,29.97,False,near_zero,381,310,0,offset,ede23fc7f56f8ea2f0249d8c,2908,160906_ian5,validation,1,72,Q1,1.464616
one_control,1.0,7aef3c5ac1081460f0cb,0.0,zero,00_08,00_13,medium,72,29.97,False,zero,381,310,0,offset,0fbd08da37308c7ca6e0eec2,2908,160906_ian5,validation,0,72,Q1,1.464616
one_control,1.0,7aef3c5ac1081460f0cb,0.25,positive,00_08,00_13,medium,71,29.97,False,near_zero,381,310,0,offset,2f2ff967551a93f03826dcf9,2908,160906_ian5,validation,0,71,Q1,1.464616
one_control,1.0,7aef3c5ac1081460f0cb,2.0,positive,00_08,00_13,medium,70,29.97,False,small_medium,381,310,0,offset,753e2d43e69e92d55d151ec2,2908,160906_ian5,validation,0,70,Q1,1.464616
one_control,1.0,7aef3c5ac1081460f0cb,7.5,positive,00_08,00_13,medium,64,29.97,False,near_boundary,381,310,0,offset,0c3ff48b9a4b8b111e699bbf,2908,160906_ian5,validation,0,64,Q1,1.464616
below_one,0.96,7aef3c5ac1081460f0cb,-2.0,negative,00_08,00_13,medium,69,29.97,False,small_medium,381,310,0,affine,9c149b8159d259c1cb252a13,2908,160906_ian5,validation,3,72,Q1,1.464616
below_one,0.96,7aef3c5ac1081460f0cb,0.0,zero,00_08,00_13,medium,72,29.97,False,zero,381,310,0,affine,24cd45b8f5d5a02db0c0ed4c,2908,160906_ian5,validation,0,72,Q1,1.464616
below_one,0.96,7aef3c5ac1081460f0cb,2.0,positive,00_08,00_13,medium,72,29.97,False,small_medium,381,310,0,affine,fe03fefb4a8f673de364b581,2908,160906_ian5,validation,0,72,Q1,1.464616
one_control,1.0,7aef3c5ac1081460f0cb,-2.0,negative,00_08,00_13,medium,70,29.97,False,small_medium,381,310,0,affine,61ceb9d054b31c96b01b65be,2908,160906_ian5,validation,2,72,Q1,1.464616
one_control,1.0,7aef3c5ac1081460f0cb,0.0,zero,00_08,00_13,medium,72,29.97,False,zero,381,310,0,affine,04070566551612fdcedf216f,2908,160906_ian5,validation,0,72,Q1,1.464616
one_control,1.0,7aef3c5ac1081460f0cb,2.0,positive,00_08,00_13,medium,70,29.97,False,small_medium,381,310,0,affine,cfbb546d6d71818661583eb3,2908,160906_ian5,validation,0,70,Q1,1.464616
above_one,1.04,7aef3c5ac1081460f0cb,-2.0,negative,00_08,00_13,medium,69,29.97,False,small_medium,381,310,0,affine,dd7e2c7d0a9aa5b45295c32d,2908,160906_ian5,validation,2,71,Q1,1.464616
above_one,1.04,7aef3c5ac1081460f0cb,0.0,zero,00_08,00_13,medium,69,29.97,False,zero,381,310,0,affine,6f579b7d435d594990e8593b,2908,160906_ian5,validation,0,69,Q1,1.464616
above_one,1.04,7aef3c5ac1081460f0cb,2.0,positive,00_08,00_13,medium,67,29.97,False,small_medium,381,310,0,affine,c72bec95501e36287a81631f,2908,160906_ian5,validation,0,67,Q1,1.464616
one_control,1.0,7aef3c5ac1081460f0cb,-7.5,negative,00_09,00_25,wide,64,29.97,False,near_boundary,381,310,0,offset,2ff60c4b29572752d19976ff,2908,160906_ian5,validation,8,72,Q1,1.464616
one_control,1.0,7aef3c5ac1081460f0cb,-3.0,negative,00_09,00_25,wide,69,29.97,False,small_medium,381,310,0,offset,172e7e92163ba606f43cddf3,2908,160906_ian5,validation,3,72,Q1,1.464616
one_control,1.0,7aef3c5ac1081460f0cb,-0.5,negative,00_09,00_25,wide,71,29.97,False,near_zero,381,310,0,offset,d9c707da562225ba1e3319e6,2908,160906_ian5,validation,1,72,Q1,1.464616
one_control,1.0,7aef3c5ac1081460f0cb,0.0,zero,00_09,00_25,wide,72,29.97,False,zero,381,310,0,offset,684a6b74ad9cfd22169bf397,2908,160906_ian5,validation,0,72,Q1,1.464616
one_control,1.0,7aef3c5ac1081460f0cb,0.25,positive,00_09,00_25,wide,71,29.97,False,near_zero,381,310,0,offset,7fe608b865254b83e945ba4a,2908,160906_ian5,validation,0,71,Q1,1.464616
one_control,1.0,7aef3c5ac1081460f0cb,2.0,positive,00_09,00_25,wide,70,29.97,False,small_medium,381,310,0,offset,0bf5ee99944c3fd4b832e55f,2908,160906_ian5,validation,0,70,Q1,1.464616
one_control,1.0,7aef3c5ac1081460f0cb,7.5,positive,00_09,00_25,wide,64,29.97,False,near_boundary,381,310,0,offset,6e4fea922ec10eb07495b448,2908,160906_ian5,validation,0,64,Q1,1.464616
below_one,0.96,7aef3c5ac1081460f0cb,-2.0,negative,00_09,00_25,wide,69,29.97,False,small_medium,381,310,0,affine,19eea31b53dc0856a5292e5a,2908,160906_ian5,validation,3,72,Q1,1.464616
below_one,0.96,7aef3c5ac1081460f0cb,0.0,zero,00_09,00_25,wide,72,29.97,False,zero,381,310,0,affine,62cad8d8e61b2e02af429764,2908,160906_ian5,validation,0,72,Q1,1.464616
below_one,0.96,7aef3c5ac1081460f0cb,2.0,positive,00_09,00_25,wide,72,29.97,False,small_medium,381,310,0,affine,d70907a81283503e9556a2ef,2908,160906_ian5,validation,0,72,Q1,1.464616
one_control,1.0,7aef3c5ac1081460f0cb,-2.0,negative,00_09,00_25,wide,70,29.97,False,small_medium,381,310,0,affine,5c1782a3124f7a39e5fafa85,2908,160906_ian5,validation,2,72,Q1,1.464616
one_control,1.0,7aef3c5ac1081460f0cb,0.0,zero,00_09,00_25,wide,72,29.97,False,zero,381,310,0,affine,2415936bfc09b7fbaed1b495,2908,160906_ian5,validation,0,72,Q1,1.464616
one_control,1.0,7aef3c5ac1081460f0cb,2.0,positive,00_09,00_25,wide,70,29.97,False,small_medium,381,310,0,affine,12060f292da558de873f4486,2908,160906_ian5,validation,0,70,Q1,1.464616
above_one,1.04,7aef3c5ac1081460f0cb,-2.0,negative,00_09,00_25,wide,69,29.97,False,small_medium,381,310,0,affine,73c57685c3000732395c9ade,2908,160906_ian5,validation,2,71,Q1,1.464616
above_one,1.04,7aef3c5ac1081460f0cb,0.0,zero,00_09,00_25,wide,69,29.97,False,zero,381,310,0,affine,326e14933082e160f1eb4eda,2908,160906_ian5,validation,0,69,Q1,1.464616
above_one,1.04,7aef3c5ac1081460f0cb,2.0,positive,00_09,00_25,wide,67,29.97,False,small_medium,381,310,0,affine,48c7e7b6d72c2fe9404bfe19,2908,160906_ian5,validation,0,67,Q1,1.464616
one_control,1.0,8572c3505e4519b276d0,-7.5,negative,00_04,00_18,small,64,29.97,False,near_boundary,592,521,0,offset,8cf58ee5c14b0062e7066dc8,2908,160906_band4,train,8,72,Q1,4.365494
one_control,1.0,8572c3505e4519b276d0,-3.0,negative,00_04,00_18,small,69,29.97,False,small_medium,592,521,0,offset,42fa8bbd0d836eb4783672b8,2908,160906_band4,train,3,72,Q1,4.365494
one_control,1.0,8572c3505e4519b276d0,-0.5,negative,00_04,00_18,small,71,29.97,False,near_zero,592,521,0,offset,cdb2208e026070825ca15dce,2908,160906_band4,train,1,72,Q1,4.365494
one_control,1.0,8572c3505e4519b276d0,0.0,zero,00_04,00_18,small,72,29.97,False,zero,592,521,0,offset,ec5122f034a6bbdd2a8eda85,2908,160906_band4,train,0,72,Q1,4.365494
one_control,1.0,8572c3505e4519b276d0,0.25,positive,00_04,00_18,small,71,29.97,False,near_zero,592,521,0,offset,ca14c4cde262de4976674a20,2908,160906_band4,train,0,71,Q1,4.365494
one_control,1.0,8572c3505e4519b276d0,2.0,positive,00_04,00_18,small,70,29.97,False,small_medium,592,521,0,offset,f87e0dcdfd0fb5e50a3dea8d,2908,160906_band4,train,0,70,Q1,4.365494
one_control,1.0,8572c3505e4519b276d0,7.5,positive,00_04,00_18,small,64,29.97,False,near_boundary,592,521,0,offset,50c6916393d7a04c00532c28,2908,160906_band4,train,0,64,Q1,4.365494
below_one,0.96,8572c3505e4519b276d0,-2.0,negative,00_04,00_18,small,69,29.97,False,small_medium,592,521,0,affine,e784736f1a9be8dbd533802b,2908,160906_band4,train,3,72,Q1,4.365494
below_one,0.96,8572c3505e4519b276d0,0.0,zero,00_04,00_18,small,72,29.97,False,zero,592,521,0,affine,35c06f677d1bee01d8d79a5d,2908,160906_band4,train,0,72,Q1,4.365494
below_one,0.96,8572c3505e4519b276d0,2.0,positive,00_04,00_18,small,72,29.97,False,small_medium,592,521,0,affine,bf2f83bcab14bcda6579a9cb,2908,160906_band4,train,0,72,Q1,4.365494
one_control,1.0,8572c3505e4519b276d0,-2.0,negative,00_04,00_18,small,70,29.97,False,small_medium,592,521,0,affine,a8ef3f7d7f332317c1f1ea91,2908,160906_band4,train,2,72,Q1,4.365494
one_control,1.0,8572c3505e4519b276d0,0.0,zero,00_04,00_18,small,72,29.97,False,zero,592,521,0,affine,60510202a0e91265ab169e84,2908,160906_band4,train,0,72,Q1,4.365494
one_control,1.0,8572c3505e4519b276d0,2.0,positive,00_04,00_18,small,70,29.97,False,small_medium,592,521,0,affine,6ee019c0efebc2416e06acb0,2908,160906_band4,train,0,70,Q1,4.365494
above_one,1.04,8572c3505e4519b276d0,-2.0,negative,00_04,00_18,small,69,29.97,False,small_medium,592,521,0,affine,fc016f752769828277bd2fb6,2908,160906_band4,train,2,71,Q1,4.365494
above_one,1.04,8572c3505e4519b276d0,0.0,zero,00_04,00_18,small,69,29.97,False,zero,592,521,0,affine,dd9faf45e66d2e1275057412,2908,160906_band4,train,0,69,Q1,4.365494
above_one,1.04,8572c3505e4519b276d0,2.0,positive,00_04,00_18,small,67,29.97,False,small_medium,592,521,0,affine,a186434940829b9caf7c4e5c,2908,160906_band4,train,0,67,Q1,4.365494
one_control,1.0,8572c3505e4519b276d0,-7.5,negative,00_08,00_13,medium,64,29.97,False,near_boundary,592,521,0,offset,b07f901390a4677dbbb660b7,2908,160906_band4,train,8,72,Q1,4.365494
one_control,1.0,8572c3505e4519b276d0,-3.0,negative,00_08,00_13,medium,69,29.97,False,small_medium,592,521,0,offset,3c86ec84c72dedf56e6ad05f,2908,160906_band4,train,3,72,Q1,4.365494
one_control,1.0,8572c3505e4519b276d0,-0.5,negative,00_08,00_13,medium,71,29.97,False,near_zero,592,521,0,offset,0c7c2255fd4ae510ef0d71d0,2908,160906_band4,train,1,72,Q1,4.365494
one_control,1.0,8572c3505e4519b276d0,0.0,zero,00_08,00_13,medium,72,29.97,False,zero,592,521,0,offset,2afc42adf724a957573db9dc,2908,160906_band4,train,0,72,Q1,4.365494
one_control,1.0,8572c3505e4519b276d0,0.25,positive,00_08,00_13,medium,71,29.97,False,near_zero,592,521,0,offset,23c68d2c49084e50ea028fd6,2908,160906_band4,train,0,71,Q1,4.365494
one_control,1.0,8572c3505e4519b276d0,2.0,positive,00_08,00_13,medium,70,29.97,False,small_medium,592,521,0,offset,479d06745f03bf60e6d6a8b7,2908,160906_band4,train,0,70,Q1,4.365494
one_control,1.0,8572c3505e4519b276d0,7.5,positive,00_08,00_13,medium,64,29.97,False,near_boundary,592,521,0,offset,99d537be3faef6e3ebb4c308,2908,160906_band4,train,0,64,Q1,4.365494
below_one,0.96,8572c3505e4519b276d0,-2.0,negative,00_08,00_13,medium,69,29.97,False,small_medium,592,521,0,affine,002b24ded4a1f41dcb874b25,2908,160906_band4,train,3,72,Q1,4.365494
below_one,0.96,8572c3505e4519b276d0,0.0,zero,00_08,00_13,medium,72,29.97,False,zero,592,521,0,affine,681c67ac02bdb2c8a64f2653,2908,160906_band4,train,0,72,Q1,4.365494
below_one,0.96,8572c3505e4519b276d0,2.0,positive,00_08,00_13,medium,72,29.97,False,small_medium,592,521,0,affine,541a5d61009b509580bfe016,2908,160906_band4,train,0,72,Q1,4.365494
one_control,1.0,8572c3505e4519b276d0,-2.0,negative,00_08,00_13,medium,70,29.97,False,small_medium,592,521,0,affine,ad7b77f6004beb0322fee5fe,2908,160906_band4,train,2,72,Q1,4.365494
one_control,1.0,8572c3505e4519b276d0,0.0,zero,00_08,00_13,medium,72,29.97,False,zero,592,521,0,affine,ead3e75ed2a30ce8ece8f865,2908,160906_band4,train,0,72,Q1,4.365494
one_control,1.0,8572c3505e4519b276d0,2.0,positive,00_08,00_13,medium,70,29.97,False,small_medium,592,521,0,affine,ee70c18e4ff23ba82cd043ca,2908,160906_band4,train,0,70,Q1,4.365494
above_one,1.04,8572c3505e4519b276d0,-2.0,negative,00_08,00_13,medium,69,29.97,False,small_medium,592,521,0,affine,85035eda58c01f70cbf28f85,2908,160906_band4,train,2,71,Q1,4.365494
above_one,1.04,8572c3505e4519b276d0,0.0,zero,00_08,00_13,medium,69,29.97,False,zero,592,521,0,affine,bb72985439ccd98bdf644b90,2908,160906_band4,train,0,69,Q1,4.365494
above_one,1.04,8572c3505e4519b276d0,2.0,positive,00_08,00_13,medium,67,29.97,False,small_medium,592,521,0,affine,cf16fd6e2624afb375e16ac4,2908,160906_band4,train,0,67,Q1,4.365494
one_control,1.0,8572c3505e4519b276d0,-7.5,negative,00_09,00_25,wide,64,29.97,False,near_boundary,592,521,0,offset,e6e637de9826d4d642da35f4,2908,160906_band4,train,8,72,Q1,4.365494
one_control,1.0,8572c3505e4519b276d0,-3.0,negative,00_09,00_25,wide,69,29.97,False,small_medium,592,521,0,offset,91b2fb40a8e3b141cb7a3faa,2908,160906_band4,train,3,72,Q1,4.365494
one_control,1.0,8572c3505e4519b276d0,-0.5,negative,00_09,00_25,wide,71,29.97,False,near_zero,592,521,0,offset,40959f43f5e03d9f6d1cb27b,2908,160906_band4,train,1,72,Q1,4.365494
one_control,1.0,8572c3505e4519b276d0,0.0,zero,00_09,00_25,wide,72,29.97,False,zero,592,521,0,offset,53b401e91bafb8fc5806a999,2908,160906_band4,train,0,72,Q1,4.365494
one_control,1.0,8572c3505e4519b276d0,0.25,positive,00_09,00_25,wide,71,29.97,False,near_zero,592,521,0,offset,3c93936f9b5f7e1a2de249c2,2908,160906_band4,train,0,71,Q1,4.365494
one_control,1.0,8572c3505e4519b276d0,2.0,positive,00_09,00_25,wide,70,29.97,False,small_medium,592,521,0,offset,c5cce2c4f7182d63145eff3e,2908,160906_band4,train,0,70,Q1,4.365494
one_control,1.0,8572c3505e4519b276d0,7.5,positive,00_09,00_25,wide,64,29.97,False,near_boundary,592,521,0,offset,8d3042d3cd53549f517aa21e,2908,160906_band4,train,0,64,Q1,4.365494
below_one,0.96,8572c3505e4519b276d0,-2.0,negative,00_09,00_25,wide,69,29.97,False,small_medium,592,521,0,affine,b88c02afe2e4dc12e1362564,2908,160906_band4,train,3,72,Q1,4.365494
below_one,0.96,8572c3505e4519b276d0,0.0,zero,00_09,00_25,wide,72,29.97,False,zero,592,521,0,affine,93af64f6b01e9f7a8dc61831,2908,160906_band4,train,0,72,Q1,4.365494
below_one,0.96,8572c3505e4519b276d0,2.0,positive,00_09,00_25,wide,72,29.97,False,small_medium,592,521,0,affine,f2fec136c06cbddae1fe7781,2908,160906_band4,train,0,72,Q1,4.365494
one_control,1.0,8572c3505e4519b276d0,-2.0,negative,00_09,00_25,wide,70,29.97,False,small_medium,592,521,0,affine,a1bbad9cd0346462376a730b,2908,160906_band4,train,2,72,Q1,4.365494
one_control,1.0,8572c3505e4519b276d0,0.0,zero,00_09,00_25,wide,72,29.97,False,zero,592,521,0,affine,e38eb8e73b9072832fbba985,2908,160906_band4,train,0,72,Q1,4.365494
one_control,1.0,8572c3505e4519b276d0,2.0,positive,00_09,00_25,wide,70,29.97,False,small_medium,592,521,0,affine,0ac79402b86845e312983a6b,2908,160906_band4,train,0,70,Q1,4.365494
above_one,1.04,8572c3505e4519b276d0,-2.0,negative,00_09,00_25,wide,69,29.97,False,small_medium,592,521,0,affine,761530ef15487ef2c7d8a5ae,2908,160906_band4,train,2,71,Q1,4.365494
above_one,1.04,8572c3505e4519b276d0,0.0,zero,00_09,00_25,wide,69,29.97,False,zero,592,521,0,affine,c06acc3c687342dfe057771b,2908,160906_band4,train,0,69,Q1,4.365494
above_one,1.04,8572c3505e4519b276d0,2.0,positive,00_09,00_25,wide,67,29.97,False,small_medium,592,521,0,affine,ee6092729a0c23e3d5bb1c55,2908,160906_band4,train,0,67,Q1,4.365494
one_control,1.0,a21dc00ff89ca4d06963,-7.5,negative,00_04,00_18,small,64,29.97,False,near_boundary,201,130,0,offset,fbff2e12a7f2c00016485dd0,2908,160906_ian5,validation,8,72,Q1,3.082848
one_control,1.0,a21dc00ff89ca4d06963,-3.0,negative,00_04,00_18,small,69,29.97,False,small_medium,201,130,0,offset,12938b4eae264b891200fffa,2908,160906_ian5,validation,3,72,Q1,3.082848
one_control,1.0,a21dc00ff89ca4d06963,-0.5,negative,00_04,00_18,small,71,29.97,False,near_zero,201,130,0,offset,1df4b8a4e53c689387a643c7,2908,160906_ian5,validation,1,72,Q1,3.082848
one_control,1.0,a21dc00ff89ca4d06963,0.0,zero,00_04,00_18,small,72,29.97,False,zero,201,130,0,offset,ff22300f38e357ad816953e6,2908,160906_ian5,validation,0,72,Q1,3.082848
one_control,1.0,a21dc00ff89ca4d06963,0.25,positive,00_04,00_18,small,71,29.97,False,near_zero,201,130,0,offset,65a8e490391b767567ac2392,2908,160906_ian5,validation,0,71,Q1,3.082848
one_control,1.0,a21dc00ff89ca4d06963,2.0,positive,00_04,00_18,small,70,29.97,False,small_medium,201,130,0,offset,ecf35e79ddfcb74c58fd4cc3,2908,160906_ian5,validation,0,70,Q1,3.082848
one_control,1.0,a21dc00ff89ca4d06963,7.5,positive,00_04,00_18,small,64,29.97,False,near_boundary,201,130,0,offset,a4f7c1da9d2572717653304a,2908,160906_ian5,validation,0,64,Q1,3.082848
below_one,0.96,a21dc00ff89ca4d06963,-2.0,negative,00_04,00_18,small,69,29.97,False,small_medium,201,130,0,affine,09d838527d18fb2045906989,2908,160906_ian5,validation,3,72,Q1,3.082848
below_one,0.96,a21dc00ff89ca4d06963,0.0,zero,00_04,00_18,small,72,29.97,False,zero,201,130,0,affine,2e7b7709144f0a9382d4a303,2908,160906_ian5,validation,0,72,Q1,3.082848
below_one,0.96,a21dc00ff89ca4d06963,2.0,positive,00_04,00_18,small,72,29.97,False,small_medium,201,130,0,affine,181c7989caabd942c9e2458f,2908,160906_ian5,validation,0,72,Q1,3.082848
one_control,1.0,a21dc00ff89ca4d06963,-2.0,negative,00_04,00_18,small,70,29.97,False,small_medium,201,130,0,affine,1312e500f104b07503ac41f8,2908,160906_ian5,validation,2,72,Q1,3.082848
one_control,1.0,a21dc00ff89ca4d06963,0.0,zero,00_04,00_18,small,72,29.97,False,zero,201,130,0,affine,cb8ac09c9fa9d819ec8e9697,2908,160906_ian5,validation,0,72,Q1,3.082848
one_control,1.0,a21dc00ff89ca4d06963,2.0,positive,00_04,00_18,small,70,29.97,False,small_medium,201,130,0,affine,45fde553faece33e6a48ef01,2908,160906_ian5,validation,0,70,Q1,3.082848
above_one,1.04,a21dc00ff89ca4d06963,-2.0,negative,00_04,00_18,small,69,29.97,False,small_medium,201,130,0,affine,bbfff845177e2bbeeb0e34b6,2908,160906_ian5,validation,2,71,Q1,3.082848
above_one,1.04,a21dc00ff89ca4d06963,0.0,zero,00_04,00_18,small,69,29.97,False,zero,201,130,0,affine,8d78ca826b79d9b20f8b58fe,2908,160906_ian5,validation,0,69,Q1,3.082848
above_one,1.04,a21dc00ff89ca4d06963,2.0,positive,00_04,00_18,small,67,29.97,False,small_medium,201,130,0,affine,b01f163284c6f88dc3534dd6,2908,160906_ian5,validation,0,67,Q1,3.082848
one_control,1.0,a21dc00ff89ca4d06963,-7.5,negative,00_08,00_13,medium,64,29.97,False,near_boundary,201,130,0,offset,3167a45fa7ffa2b10cac9b9d,2908,160906_ian5,validation,8,72,Q1,3.082848
one_control,1.0,a21dc00ff89ca4d06963,-3.0,negative,00_08,00_13,medium,69,29.97,False,small_medium,201,130,0,offset,66050b7a6930f1bdfec41fd7,2908,160906_ian5,validation,3,72,Q1,3.082848
one_control,1.0,a21dc00ff89ca4d06963,-0.5,negative,00_08,00_13,medium,71,29.97,False,near_zero,201,130,0,offset,355ce3365972b46a7727283d,2908,160906_ian5,validation,1,72,Q1,3.082848
one_control,1.0,a21dc00ff89ca4d06963,0.0,zero,00_08,00_13,medium,72,29.97,False,zero,201,130,0,offset,7af6f69d8e576fe7f396c865,2908,160906_ian5,validation,0,72,Q1,3.082848
one_control,1.0,a21dc00ff89ca4d06963,0.25,positive,00_08,00_13,medium,71,29.97,False,near_zero,201,130,0,offset,a96d5183c51b7020d3d282c1,2908,160906_ian5,validation,0,71,Q1,3.082848
one_control,1.0,a21dc00ff89ca4d06963,2.0,positive,00_08,00_13,medium,70,29.97,False,small_medium,201,130,0,offset,a43ca7bd691fe6dc63043d7f,2908,160906_ian5,validation,0,70,Q1,3.082848
one_control,1.0,a21dc00ff89ca4d06963,7.5,positive,00_08,00_13,medium,64,29.97,False,near_boundary,201,130,0,offset,ab66c8a059928b57b49b0925,2908,160906_ian5,validation,0,64,Q1,3.082848
below_one,0.96,a21dc00ff89ca4d06963,-2.0,negative,00_08,00_13,medium,69,29.97,False,small_medium,201,130,0,affine,c38b18af69ef3374cc9fecb1,2908,160906_ian5,validation,3,72,Q1,3.082848
below_one,0.96,a21dc00ff89ca4d06963,0.0,zero,00_08,00_13,medium,72,29.97,False,zero,201,130,0,affine,1b1cc7af331796a7adc246a1,2908,160906_ian5,validation,0,72,Q1,3.082848
below_one,0.96,a21dc00ff89ca4d06963,2.0,positive,00_08,00_13,medium,72,29.97,False,small_medium,201,130,0,affine,05f83ccf06cf46fa3c4f4e42,2908,160906_ian5,validation,0,72,Q1,3.082848
one_control,1.0,a21dc00ff89ca4d06963,-2.0,negative,00_08,00_13,medium,70,29.97,False,small_medium,201,130,0,affine,703cc9c87c28c8144783022a,2908,160906_ian5,validation,2,72,Q1,3.082848
one_control,1.0,a21dc00ff89ca4d06963,0.0,zero,00_08,00_13,medium,72,29.97,False,zero,201,130,0,affine,4bb63efae8f61775a0538f13,2908,160906_ian5,validation,0,72,Q1,3.082848
one_control,1.0,a21dc00ff89ca4d06963,2.0,positive,00_08,00_13,medium,70,29.97,False,small_medium,201,130,0,affine,f4b4a5d2069308de2c767651,2908,160906_ian5,validation,0,70,Q1,3.082848
above_one,1.04,a21dc00ff89ca4d06963,-2.0,negative,00_08,00_13,medium,69,29.97,False,small_medium,201,130,0,affine,b2c6ee00389e66639e611f43,2908,160906_ian5,validation,2,71,Q1,3.082848
above_one,1.04,a21dc00ff89ca4d06963,0.0,zero,00_08,00_13,medium,69,29.97,False,zero,201,130,0,affine,0c23620cb606a9bf7a2a69a0,2908,160906_ian5,validation,0,69,Q1,3.082848
above_one,1.04,a21dc00ff89ca4d06963,2.0,positive,00_08,00_13,medium,67,29.97,False,small_medium,201,130,0,affine,4f12e1435f11e0bce2d021e1,2908,160906_ian5,validation,0,67,Q1,3.082848
one_control,1.0,a21dc00ff89ca4d06963,-7.5,negative,00_09,00_25,wide,64,29.97,False,near_boundary,201,130,0,offset,228eb72b84044c8aa1c2fc89,2908,160906_ian5,validation,8,72,Q1,3.082848
one_control,1.0,a21dc00ff89ca4d06963,-3.0,negative,00_09,00_25,wide,69,29.97,False,small_medium,201,130,0,offset,464665e7e97542b70543689f,2908,160906_ian5,validation,3,72,Q1,3.082848
one_control,1.0,a21dc00ff89ca4d06963,-0.5,negative,00_09,00_25,wide,71,29.97,False,near_zero,201,130,0,offset,7cb2946f948dc9c564e0a2da,2908,160906_ian5,validation,1,72,Q1,3.082848
one_control,1.0,a21dc00ff89ca4d06963,0.0,zero,00_09,00_25,wide,72,29.97,False,zero,201,130,0,offset,1115e0957063e43bf88a1b40,2908,160906_ian5,validation,0,72,Q1,3.082848
one_control,1.0,a21dc00ff89ca4d06963,0.25,positive,00_09,00_25,wide,71,29.97,False,near_zero,201,130,0,offset,eca42c4a320726592ea63f86,2908,160906_ian5,validation,0,71,Q1,3.082848
one_control,1.0,a21dc00ff89ca4d06963,2.0,positive,00_09,00_25,wide,70,29.97,False,small_medium,201,130,0,offset,23c28fd3153050e62cb0c2de,2908,160906_ian5,validation,0,70,Q1,3.082848
one_control,1.0,a21dc00ff89ca4d06963,7.5,positive,00_09,00_25,wide,64,29.97,False,near_boundary,201,130,0,offset,0f601ce0b9e3b551c4b69891,2908,160906_ian5,validation,0,64,Q1,3.082848
below_one,0.96,a21dc00ff89ca4d06963,-2.0,negative,00_09,00_25,wide,69,29.97,False,small_medium,201,130,0,affine,ff2d4631416fd0aa15faba3a,2908,160906_ian5,validation,3,72,Q1,3.082848
below_one,0.96,a21dc00ff89ca4d06963,0.0,zero,00_09,00_25,wide,72,29.97,False,zero,201,130,0,affine,69f5a022aaa9354a43bc1617,2908,160906_ian5,validation,0,72,Q1,3.082848
below_one,0.96,a21dc00ff89ca4d06963,2.0,positive,00_09,00_25,wide,72,29.97,False,small_medium,201,130,0,affine,084f6267f4e823f6b8cebcd5,2908,160906_ian5,validation,0,72,Q1,3.082848
one_control,1.0,a21dc00ff89ca4d06963,-2.0,negative,00_09,00_25,wide,70,29.97,False,small_medium,201,130,0,affine,ba40e6d30ed288e0076c81c8,2908,160906_ian5,validation,2,72,Q1,3.082848
one_control,1.0,a21dc00ff89ca4d06963,0.0,zero,00_09,00_25,wide,72,29.97,False,zero,201,130,0,affine,fb86303023a9300c6c8dc952,2908,160906_ian5,validation,0,72,Q1,3.082848
one_control,1.0,a21dc00ff89ca4d06963,2.0,positive,00_09,00_25,wide,70,29.97,False,small_medium,201,130,0,affine,e635fb4e52e93c2d288561fe,2908,160906_ian5,validation,0,70,Q1,3.082848
above_one,1.04,a21dc00ff89ca4d06963,-2.0,negative,00_09,00_25,wide,69,29.97,False,small_medium,201,130,0,affine,9b19bd1c6d1894823719e94b,2908,160906_ian5,validation,2,71,Q1,3.082848
above_one,1.04,a21dc00ff89ca4d06963,0.0,zero,00_09,00_25,wide,69,29.97,False,zero,201,130,0,affine,c980a1174e86239c5ef2808c,2908,160906_ian5,validation,0,69,Q1,3.082848
above_one,1.04,a21dc00ff89ca4d06963,2.0,positive,00_09,00_25,wide,67,29.97,False,small_medium,201,130,0,affine,1f82331978078f5ed00c698e,2908,160906_ian5,validation,0,67,Q1,3.082848
one_control,1.0,bcbc2249e208040187b6,-7.5,negative,00_04,00_18,small,64,29.97,False,near_boundary,561,490,0,offset,8009b0c09ef7b2df4dfa0b00,2908,160906_ian5,validation,8,72,Q3,7.453896
one_control,1.0,bcbc2249e208040187b6,-3.0,negative,00_04,00_18,small,69,29.97,False,small_medium,561,490,0,offset,23dbcf7184f1ba3e8027dbb4,2908,160906_ian5,validation,3,72,Q3,7.453896
one_control,1.0,bcbc2249e208040187b6,-0.5,negative,00_04,00_18,small,71,29.97,False,near_zero,561,490,0,offset,09bea0b091a9569756593130,2908,160906_ian5,validation,1,72,Q3,7.453896
one_control,1.0,bcbc2249e208040187b6,0.0,zero,00_04,00_18,small,72,29.97,False,zero,561,490,0,offset,63438ea4b08e0d7bdbf28228,2908,160906_ian5,validation,0,72,Q3,7.453896
one_control,1.0,bcbc2249e208040187b6,0.25,positive,00_04,00_18,small,71,29.97,False,near_zero,561,490,0,offset,f5870f6893ec2191cc894d96,2908,160906_ian5,validation,0,71,Q3,7.453896
one_control,1.0,bcbc2249e208040187b6,2.0,positive,00_04,00_18,small,70,29.97,False,small_medium,561,490,0,offset,76b13a8f0f7f84f38b52926a,2908,160906_ian5,validation,0,70,Q3,7.453896
one_control,1.0,bcbc2249e208040187b6,7.5,positive,00_04,00_18,small,64,29.97,False,near_boundary,561,490,0,offset,6e96bb6a67c1db0f45a000e0,2908,160906_ian5,validation,0,64,Q3,7.453896
below_one,0.96,bcbc2249e208040187b6,-2.0,negative,00_04,00_18,small,69,29.97,False,small_medium,561,490,0,affine,f30f11ccc474ecc431f50d80,2908,160906_ian5,validation,3,72,Q3,7.453896
below_one,0.96,bcbc2249e208040187b6,0.0,zero,00_04,00_18,small,72,29.97,False,zero,561,490,0,affine,8146c4730f3e6d16e4942910,2908,160906_ian5,validation,0,72,Q3,7.453896
below_one,0.96,bcbc2249e208040187b6,2.0,positive,00_04,00_18,small,72,29.97,False,small_medium,561,490,0,affine,8eb1d7b1a2cd71139159a317,2908,160906_ian5,validation,0,72,Q3,7.453896
one_control,1.0,bcbc2249e208040187b6,-2.0,negative,00_04,00_18,small,70,29.97,False,small_medium,561,490,0,affine,a5d6ed2455fd54e34cd9bb49,2908,160906_ian5,validation,2,72,Q3,7.453896
one_control,1.0,bcbc2249e208040187b6,0.0,zero,00_04,00_18,small,72,29.97,False,zero,561,490,0,affine,cbddfa66b32fb707fe1e1aba,2908,160906_ian5,validation,0,72,Q3,7.453896
one_control,1.0,bcbc2249e208040187b6,2.0,positive,00_04,00_18,small,70,29.97,False,small_medium,561,490,0,affine,09e21f7acc16dbd330112ff9,2908,160906_ian5,validation,0,70,Q3,7.453896
above_one,1.04,bcbc2249e208040187b6,-2.0,negative,00_04,00_18,small,69,29.97,False,small_medium,561,490,0,affine,09187fefb07390c5a68fed64,2908,160906_ian5,validation,2,71,Q3,7.453896
above_one,1.04,bcbc2249e208040187b6,0.0,zero,00_04,00_18,small,69,29.97,False,zero,561,490,0,affine,2a0b964fa36a0e00f8263beb,2908,160906_ian5,validation,0,69,Q3,7.453896
above_one,1.04,bcbc2249e208040187b6,2.0,positive,00_04,00_18,small,67,29.97,False,small_medium,561,490,0,affine,6f5274e00be94188a21af72e,2908,160906_ian5,validation,0,67,Q3,7.453896
one_control,1.0,bcbc2249e208040187b6,-7.5,negative,00_08,00_13,medium,64,29.97,False,near_boundary,561,490,0,offset,4ed67ed40cdaa22f7a706861,2908,160906_ian5,validation,8,72,Q3,7.453896
one_control,1.0,bcbc2249e208040187b6,-3.0,negative,00_08,00_13,medium,69,29.97,False,small_medium,561,490,0,offset,f5c343f8616355839c40b72a,2908,160906_ian5,validation,3,72,Q3,7.453896
one_control,1.0,bcbc2249e208040187b6,-0.5,negative,00_08,00_13,medium,71,29.97,False,near_zero,561,490,0,offset,2b0a8e85d5e51dccc7c40b96,2908,160906_ian5,validation,1,72,Q3,7.453896
one_control,1.0,bcbc2249e208040187b6,0.0,zero,00_08,00_13,medium,72,29.97,False,zero,561,490,0,offset,566bfb05a9944a5048afcce5,2908,160906_ian5,validation,0,72,Q3,7.453896
one_control,1.0,bcbc2249e208040187b6,0.25,positive,00_08,00_13,medium,71,29.97,False,near_zero,561,490,0,offset,1a09a5965d168ea5c321df95,2908,160906_ian5,validation,0,71,Q3,7.453896
one_control,1.0,bcbc2249e208040187b6,2.0,positive,00_08,00_13,medium,70,29.97,False,small_medium,561,490,0,offset,150c23824c96bc70b437340f,2908,160906_ian5,validation,0,70,Q3,7.453896
one_control,1.0,bcbc2249e208040187b6,7.5,positive,00_08,00_13,medium,64,29.97,False,near_boundary,561,490,0,offset,9bc1d69611a563934698b6fb,2908,160906_ian5,validation,0,64,Q3,7.453896
below_one,0.96,bcbc2249e208040187b6,-2.0,negative,00_08,00_13,medium,69,29.97,False,small_medium,561,490,0,affine,d709307eb70762677cf6e2e1,2908,160906_ian5,validation,3,72,Q3,7.453896
below_one,0.96,bcbc2249e208040187b6,0.0,zero,00_08,00_13,medium,72,29.97,False,zero,561,490,0,affine,e1b2b29fe8d916c9f09f8b08,2908,160906_ian5,validation,0,72,Q3,7.453896
below_one,0.96,bcbc2249e208040187b6,2.0,positive,00_08,00_13,medium,72,29.97,False,small_medium,561,490,0,affine,48f6de51a5a430b90646c29a,2908,160906_ian5,validation,0,72,Q3,7.453896
one_control,1.0,bcbc2249e208040187b6,-2.0,negative,00_08,00_13,medium,70,29.97,False,small_medium,561,490,0,affine,37208ebeb3b7ed44951307d7,2908,160906_ian5,validation,2,72,Q3,7.453896
one_control,1.0,bcbc2249e208040187b6,0.0,zero,00_08,00_13,medium,72,29.97,False,zero,561,490,0,affine,57c396ef86a7efa4ad0c7e8e,2908,160906_ian5,validation,0,72,Q3,7.453896
one_control,1.0,bcbc2249e208040187b6,2.0,positive,00_08,00_13,medium,70,29.97,False,small_medium,561,490,0,affine,7dbec282c9efaae88450097c,2908,160906_ian5,validation,0,70,Q3,7.453896
above_one,1.04,bcbc2249e208040187b6,-2.0,negative,00_08,00_13,medium,69,29.97,False,small_medium,561,490,0,affine,f12e82df46b433c1d263b70a,2908,160906_ian5,validation,2,71,Q3,7.453896
above_one,1.04,bcbc2249e208040187b6,0.0,zero,00_08,00_13,medium,69,29.97,False,zero,561,490,0,affine,8c7ea509e8cc36bb69bfad0b,2908,160906_ian5,validation,0,69,Q3,7.453896
above_one,1.04,bcbc2249e208040187b6,2.0,positive,00_08,00_13,medium,67,29.97,False,small_medium,561,490,0,affine,f3787a587c75aeebc490d3f6,2908,160906_ian5,validation,0,67,Q3,7.453896
one_control,1.0,bcbc2249e208040187b6,-7.5,negative,00_09,00_25,wide,64,29.97,False,near_boundary,561,490,0,offset,5a202c53d3e8f9eddabbe24c,2908,160906_ian5,validation,8,72,Q3,7.453896
one_control,1.0,bcbc2249e208040187b6,-3.0,negative,00_09,00_25,wide,69,29.97,False,small_medium,561,490,0,offset,9b434a26d9d0ccf83042bc54,2908,160906_ian5,validation,3,72,Q3,7.453896
one_control,1.0,bcbc2249e208040187b6,-0.5,negative,00_09,00_25,wide,71,29.97,False,near_zero,561,490,0,offset,117ff609dbaafa2612b42b95,2908,160906_ian5,validation,1,72,Q3,7.453896
one_control,1.0,bcbc2249e208040187b6,0.0,zero,00_09,00_25,wide,72,29.97,False,zero,561,490,0,offset,71c7e1edd72710c9fe98d1fd,2908,160906_ian5,validation,0,72,Q3,7.453896
one_control,1.0,bcbc2249e208040187b6,0.25,positive,00_09,00_25,wide,71,29.97,False,near_zero,561,490,0,offset,7ea4518ea3433d0fad5e004f,2908,160906_ian5,validation,0,71,Q3,7.453896
one_control,1.0,bcbc2249e208040187b6,2.0,positive,00_09,00_25,wide,70,29.97,False,small_medium,561,490,0,offset,eac9114dd15303aab1935fbd,2908,160906_ian5,validation,0,70,Q3,7.453896
one_control,1.0,bcbc2249e208040187b6,7.5,positive,00_09,00_25,wide,64,29.97,False,near_boundary,561,490,0,offset,6a7eb1f0aa84128f8b64f9c7,2908,160906_ian5,validation,0,64,Q3,7.453896
below_one,0.96,bcbc2249e208040187b6,-2.0,negative,00_09,00_25,wide,69,29.97,False,small_medium,561,490,0,affine,46fe62da003b4ce784c51178,2908,160906_ian5,validation,3,72,Q3,7.453896
below_one,0.96,bcbc2249e208040187b6,0.0,zero,00_09,00_25,wide,72,29.97,False,zero,561,490,0,affine,604c90b2ad536a3c2c8568a2,2908,160906_ian5,validation,0,72,Q3,7.453896
below_one,0.96,bcbc2249e208040187b6,2.0,positive,00_09,00_25,wide,72,29.97,False,small_medium,561,490,0,affine,506f7a5908ce04f8fb447c4c,2908,160906_ian5,validation,0,72,Q3,7.453896
one_control,1.0,bcbc2249e208040187b6,-2.0,negative,00_09,00_25,wide,70,29.97,False,small_medium,561,490,0,affine,ae5a569b89bc10e62bec5e62,2908,160906_ian5,validation,2,72,Q3,7.453896
one_control,1.0,bcbc2249e208040187b6,0.0,zero,00_09,00_25,wide,72,29.97,False,zero,561,490,0,affine,8188fd8982e5812b940dcb82,2908,160906_ian5,validation,0,72,Q3,7.453896
one_control,1.0,bcbc2249e208040187b6,2.0,positive,00_09,00_25,wide,70,29.97,False,small_medium,561,490,0,affine,93d09f73b5033c3190aaad7e,2908,160906_ian5,validation,0,70,Q3,7.453896
above_one,1.04,bcbc2249e208040187b6,-2.0,negative,00_09,00_25,wide,69,29.97,False,small_medium,561,490,0,affine,f48115ace2530e731846a469,2908,160906_ian5,validation,2,71,Q3,7.453896
above_one,1.04,bcbc2249e208040187b6,0.0,zero,00_09,00_25,wide,69,29.97,False,zero,561,490,0,affine,9d24c2447c79210ea6726922,2908,160906_ian5,validation,0,69,Q3,7.453896
above_one,1.04,bcbc2249e208040187b6,2.0,positive,00_09,00_25,wide,67,29.97,False,small_medium,561,490,0,affine,514a1e7cfe010168d1b3121b,2908,160906_ian5,validation,0,67,Q3,7.453896
one_control,1.0,c4fce4af002195a1576a,-7.5,negative,00_24,00_26,small,64,29.97,False,near_boundary,419,348,0,offset,6e8c518a97fc4620e26d7ae5,2908,160906_band1,train,8,72,Q1,4.32553
one_control,1.0,c4fce4af002195a1576a,-3.0,negative,00_24,00_26,small,69,29.97,False,small_medium,419,348,0,offset,733197f325ed2249b3c2a085,2908,160906_band1,train,3,72,Q1,4.32553
one_control,1.0,c4fce4af002195a1576a,-0.5,negative,00_24,00_26,small,71,29.97,False,near_zero,419,348,0,offset,8998b2502849d8a98e7dcd82,2908,160906_band1,train,1,72,Q1,4.32553
one_control,1.0,c4fce4af002195a1576a,0.0,zero,00_24,00_26,small,72,29.97,False,zero,419,348,0,offset,df96fa2cfe7573713b4e7d86,2908,160906_band1,train,0,72,Q1,4.32553
one_control,1.0,c4fce4af002195a1576a,0.25,positive,00_24,00_26,small,71,29.97,False,near_zero,419,348,0,offset,09e65113cb77fa5bbd6810fb,2908,160906_band1,train,0,71,Q1,4.32553
one_control,1.0,c4fce4af002195a1576a,2.0,positive,00_24,00_26,small,70,29.97,False,small_medium,419,348,0,offset,acb6e14ecc76a3c0c0fb0b4b,2908,160906_band1,train,0,70,Q1,4.32553
one_control,1.0,c4fce4af002195a1576a,7.5,positive,00_24,00_26,small,64,29.97,False,near_boundary,419,348,0,offset,9371af886a1e5db43d68fada,2908,160906_band1,train,0,64,Q1,4.32553
below_one,0.96,c4fce4af002195a1576a,-2.0,negative,00_24,00_26,small,69,29.97,False,small_medium,419,348,0,affine,710ada250226f00eb71c5b68,2908,160906_band1,train,3,72,Q1,4.32553
below_one,0.96,c4fce4af002195a1576a,0.0,zero,00_24,00_26,small,72,29.97,False,zero,419,348,0,affine,bfc90fe2eb14360ed8670e93,2908,160906_band1,train,0,72,Q1,4.32553
below_one,0.96,c4fce4af002195a1576a,2.0,positive,00_24,00_26,small,72,29.97,False,small_medium,419,348,0,affine,3529145f31e6f8158944361e,2908,160906_band1,train,0,72,Q1,4.32553
one_control,1.0,c4fce4af002195a1576a,-2.0,negative,00_24,00_26,small,70,29.97,False,small_medium,419,348,0,affine,5c8de2c8757c1fc1dcfa1c39,2908,160906_band1,train,2,72,Q1,4.32553
one_control,1.0,c4fce4af002195a1576a,0.0,zero,00_24,00_26,small,72,29.97,False,zero,419,348,0,affine,c25cec621d2f72cc31e81407,2908,160906_band1,train,0,72,Q1,4.32553
one_control,1.0,c4fce4af002195a1576a,2.0,positive,00_24,00_26,small,70,29.97,False,small_medium,419,348,0,affine,5a4c2803bf008e61c6a20a4c,2908,160906_band1,train,0,70,Q1,4.32553
above_one,1.04,c4fce4af002195a1576a,-2.0,negative,00_24,00_26,small,69,29.97,False,small_medium,419,348,0,affine,8fb229cd68e594acdae57b8c,2908,160906_band1,train,2,71,Q1,4.32553
above_one,1.04,c4fce4af002195a1576a,0.0,zero,00_24,00_26,small,69,29.97,False,zero,419,348,0,affine,c8af3837f51b53aae4df6716,2908,160906_band1,train,0,69,Q1,4.32553
above_one,1.04,c4fce4af002195a1576a,2.0,positive,00_24,00_26,small,67,29.97,False,small_medium,419,348,0,affine,bdb08030edd1f68ad1eea80d,2908,160906_band1,train,0,67,Q1,4.32553
one_control,1.0,c4fce4af002195a1576a,-7.5,negative,00_11,00_23,medium,64,29.97,False,near_boundary,419,348,0,offset,3e72c7348d8501780267805d,2908,160906_band1,train,8,72,Q1,4.32553
one_control,1.0,c4fce4af002195a1576a,-3.0,negative,00_11,00_23,medium,69,29.97,False,small_medium,419,348,0,offset,68567beba225860276b27ae3,2908,160906_band1,train,3,72,Q1,4.32553
one_control,1.0,c4fce4af002195a1576a,-0.5,negative,00_11,00_23,medium,71,29.97,False,near_zero,419,348,0,offset,eec9ee06aefdb2bbde44ce40,2908,160906_band1,train,1,72,Q1,4.32553
one_control,1.0,c4fce4af002195a1576a,0.0,zero,00_11,00_23,medium,72,29.97,False,zero,419,348,0,offset,3deba1920f675fa0091cedc5,2908,160906_band1,train,0,72,Q1,4.32553
one_control,1.0,c4fce4af002195a1576a,0.25,positive,00_11,00_23,medium,71,29.97,False,near_zero,419,348,0,offset,c91b5e148786158db33b3119,2908,160906_band1,train,0,71,Q1,4.32553
one_control,1.0,c4fce4af002195a1576a,2.0,positive,00_11,00_23,medium,70,29.97,False,small_medium,419,348,0,offset,91cafc3dd792abc5cc8a2d51,2908,160906_band1,train,0,70,Q1,4.32553
one_control,1.0,c4fce4af002195a1576a,7.5,positive,00_11,00_23,medium,64,29.97,False,near_boundary,419,348,0,offset,50cf7aa5b59ffb7e050a424d,2908,160906_band1,train,0,64,Q1,4.32553
below_one,0.96,c4fce4af002195a1576a,-2.0,negative,00_11,00_23,medium,69,29.97,False,small_medium,419,348,0,affine,264e965d21e5cd95869e1d73,2908,160906_band1,train,3,72,Q1,4.32553
below_one,0.96,c4fce4af002195a1576a,0.0,zero,00_11,00_23,medium,72,29.97,False,zero,419,348,0,affine,5277979e91c822c01c307fbf,2908,160906_band1,train,0,72,Q1,4.32553
below_one,0.96,c4fce4af002195a1576a,2.0,positive,00_11,00_23,medium,72,29.97,False,small_medium,419,348,0,affine,8532430bc50a1150063548cc,2908,160906_band1,train,0,72,Q1,4.32553
one_control,1.0,c4fce4af002195a1576a,-2.0,negative,00_11,00_23,medium,70,29.97,False,small_medium,419,348,0,affine,c41da685d1d8c502f2d8b025,2908,160906_band1,train,2,72,Q1,4.32553
one_control,1.0,c4fce4af002195a1576a,0.0,zero,00_11,00_23,medium,72,29.97,False,zero,419,348,0,affine,a53918dc00407d1528253f38,2908,160906_band1,train,0,72,Q1,4.32553
one_control,1.0,c4fce4af002195a1576a,2.0,positive,00_11,00_23,medium,70,29.97,False,small_medium,419,348,0,affine,3f3367b729f5a828febed7ab,2908,160906_band1,train,0,70,Q1,4.32553
above_one,1.04,c4fce4af002195a1576a,-2.0,negative,00_11,00_23,medium,69,29.97,False,small_medium,419,348,0,affine,92bf49f9b60f4188c2ee49c8,2908,160906_band1,train,2,71,Q1,4.32553
above_one,1.04,c4fce4af002195a1576a,0.0,zero,00_11,00_23,medium,69,29.97,False,zero,419,348,0,affine,58d8dc94c1481289fe63602d,2908,160906_band1,train,0,69,Q1,4.32553
above_one,1.04,c4fce4af002195a1576a,2.0,positive,00_11,00_23,medium,67,29.97,False,small_medium,419,348,0,affine,464846477dc6b4bcf9a7af70,2908,160906_band1,train,0,67,Q1,4.32553
one_control,1.0,c4fce4af002195a1576a,-7.5,negative,00_21,00_30,wide,64,29.97,False,near_boundary,419,348,0,offset,9017ccd5a549776bfda2cdec,2908,160906_band1,train,8,72,Q1,4.32553
one_control,1.0,c4fce4af002195a1576a,-3.0,negative,00_21,00_30,wide,69,29.97,False,small_medium,419,348,0,offset,e4488e72050de3ec704c92df,2908,160906_band1,train,3,72,Q1,4.32553
one_control,1.0,c4fce4af002195a1576a,-0.5,negative,00_21,00_30,wide,71,29.97,False,near_zero,419,348,0,offset,c4fcb44c7bec4e48ffa5d433,2908,160906_band1,train,1,72,Q1,4.32553
one_control,1.0,c4fce4af002195a1576a,0.0,zero,00_21,00_30,wide,72,29.97,False,zero,419,348,0,offset,0bfdd71ea471db7feb09c489,2908,160906_band1,train,0,72,Q1,4.32553
one_control,1.0,c4fce4af002195a1576a,0.25,positive,00_21,00_30,wide,71,29.97,False,near_zero,419,348,0,offset,2ba4f564c144a14ccb4c9d0d,2908,160906_band1,train,0,71,Q1,4.32553
one_control,1.0,c4fce4af002195a1576a,2.0,positive,00_21,00_30,wide,70,29.97,False,small_medium,419,348,0,offset,c425dd5b2d7a9ece5fc85586,2908,160906_band1,train,0,70,Q1,4.32553
one_control,1.0,c4fce4af002195a1576a,7.5,positive,00_21,00_30,wide,64,29.97,False,near_boundary,419,348,0,offset,4dab0be40682a1af76a714f1,2908,160906_band1,train,0,64,Q1,4.32553
below_one,0.96,c4fce4af002195a1576a,-2.0,negative,00_21,00_30,wide,69,29.97,False,small_medium,419,348,0,affine,38f284ca4d064bf4c7e4dde1,2908,160906_band1,train,3,72,Q1,4.32553
below_one,0.96,c4fce4af002195a1576a,0.0,zero,00_21,00_30,wide,72,29.97,False,zero,419,348,0,affine,13b2c249534d6e9120fbfacd,2908,160906_band1,train,0,72,Q1,4.32553
below_one,0.96,c4fce4af002195a1576a,2.0,positive,00_21,00_30,wide,72,29.97,False,small_medium,419,348,0,affine,8a8e471f8361a695bf74cc46,2908,160906_band1,train,0,72,Q1,4.32553
one_control,1.0,c4fce4af002195a1576a,-2.0,negative,00_21,00_30,wide,70,29.97,False,small_medium,419,348,0,affine,d0869788802588e4f2a42690,2908,160906_band1,train,2,72,Q1,4.32553
one_control,1.0,c4fce4af002195a1576a,0.0,zero,00_21,00_30,wide,72,29.97,False,zero,419,348,0,affine,bc8a70c8e2f77838a43f62c6,2908,160906_band1,train,0,72,Q1,4.32553
one_control,1.0,c4fce4af002195a1576a,2.0,positive,00_21,00_30,wide,70,29.97,False,small_medium,419,348,0,affine,75838c1dcc4c0b0074b121fd,2908,160906_band1,train,0,70,Q1,4.32553
above_one,1.04,c4fce4af002195a1576a,-2.0,negative,00_21,00_30,wide,69,29.97,False,small_medium,419,348,0,affine,555af7878d5c895bcffd12e6,2908,160906_band1,train,2,71,Q1,4.32553
above_one,1.04,c4fce4af002195a1576a,0.0,zero,00_21,00_30,wide,69,29.97,False,zero,419,348,0,affine,7584147f86f4e67fb56c2af9,2908,160906_band1,train,0,69,Q1,4.32553
above_one,1.04,c4fce4af002195a1576a,2.0,positive,00_21,00_30,wide,67,29.97,False,small_medium,419,348,0,affine,5643156b6d505cf14af18f03,2908,160906_band1,train,0,67,Q1,4.32553
